Date_Time,Voltage(V),Charge_Capacity(Ah)
06/21/2018 20:21:37.000,3.576401711,0
06/21/2018 20:23:37.000,3.575814247,0
06/21/2018 20:25:37.000,3.575202942,0
06/21/2018 20:27:37.000,3.574509621,0
06/21/2018 20:29:37.000,3.573856354,0
06/21/2018 20:31:37.000,3.573313713,0
06/21/2018 20:33:37.000,3.572934151,0
06/21/2018 20:35:37.000,3.572692871,0
06/21/2018 20:37:37.000,3.572960854,0
06/21/2018 20:39:37.000,3.573086739,0
06/21/2018 20:41:37.000,3.57324028,0
06/21/2018 20:43:37.000,3.573255539,0
06/21/2018 20:45:37.000,3.573324203,0
06/21/2018 20:47:37.000,3.573371887,0
06/21/2018 20:49:37.000,3.573371887,0
06/21/2018 20:51:37.000,3.573461533,0
06/21/2018 20:53:37.000,3.573532104,0
06/21/2018 20:55:37.000,3.573531151,0
06/21/2018 20:57:37.000,3.573595047,0
06/21/2018 20:59:37.000,3.573651314,0
06/21/2018 21:01:37.000,3.573672295,0
06/21/2018 21:03:37.000,3.573803902,0
06/21/2018 21:05:37.000,3.573799133,0
06/21/2018 21:07:37.000,3.573843002,0
06/21/2018 21:09:37.000,3.573838234,0
06/21/2018 21:11:37.000,3.573967934,0
06/21/2018 21:13:37.000,3.574004173,0
06/21/2018 21:15:37.000,3.574057579,0
06/21/2018 21:17:37.000,3.574101448,0
06/21/2018 21:19:37.000,3.574062347,0
06/21/2018 21:21:37.000,3.574158669,0
06/21/2018 21:23:37.000,3.574180603,0
06/21/2018 21:25:37.000,3.57419014,0
06/21/2018 21:27:37.000,3.574309349,0
06/21/2018 21:29:37.000,3.574275017,0
06/21/2018 21:31:37.000,3.574356079,0
06/21/2018 21:33:37.000,3.574355125,0
06/21/2018 21:35:37.000,3.574383736,0
06/21/2018 21:37:37.000,3.574477196,0
06/21/2018 21:39:37.000,3.574483871,0
06/21/2018 21:41:37.000,3.574542999,0
06/21/2018 21:43:37.000,3.574604034,0
06/21/2018 21:45:37.000,3.574647903,0
06/21/2018 21:47:37.000,3.574762344,0
06/21/2018 21:49:37.000,3.574759483,0
06/21/2018 21:51:37.000,3.574892044,0
06/21/2018 21:53:37.000,3.574923515,0
06/21/2018 21:55:37.000,3.574973106,0
06/21/2018 21:57:37.000,3.574964523,0
06/21/2018 21:59:37.000,3.575056076,0
06/21/2018 22:01:37.000,3.57508564,0
06/21/2018 22:03:37.000,3.575172424,0
06/21/2018 22:05:37.000,3.57515049,0
06/21/2018 22:07:37.000,3.57526207,0
06/21/2018 22:09:37.000,3.575316429,0
06/21/2018 22:11:37.000,3.575325012,0
06/21/2018 22:13:37.000,3.575379372,0
06/21/2018 22:15:37.000,3.575479507,0
06/21/2018 22:17:37.000,3.575564384,0
06/21/2018 22:19:37.000,3.575551987,0
06/21/2018 22:21:37.000,4.200017929,0.058057077
06/21/2018 22:23:37.000,4.258426666,0.166466847
06/21/2018 22:25:37.000,4.280506134,0.275127351
06/21/2018 22:27:37.000,4.307832718,0.383792371
06/21/2018 22:29:37.000,4.333396912,0.492451549
06/21/2018 22:31:37.000,4.358968735,0.601111829
06/21/2018 22:33:37.000,4.385650635,0.70978415
06/21/2018 22:35:37.000,4.399989128,0.817501247
06/21/2018 22:37:37.000,4.399990082,0.918630302
06/21/2018 22:39:37.000,4.400043488,1.012471199
06/21/2018 22:41:37.000,4.400015831,1.099671602
06/21/2018 22:43:37.000,4.400005341,1.181185961
06/21/2018 22:45:37.000,4.399960518,1.257762074
06/21/2018 22:47:37.000,4.399982452,1.329988122
06/21/2018 22:49:37.000,4.399973869,1.398322105
06/21/2018 22:51:37.000,4.39999485,1.463171363
06/21/2018 22:53:37.000,4.399983406,1.524974346
06/21/2018 22:55:37.000,4.400025368,1.583927631
06/21/2018 22:57:37.000,4.399986267,1.640320897
06/21/2018 22:59:37.000,4.400005341,1.694313526
06/21/2018 23:01:37.000,4.399964333,1.746091127
06/21/2018 23:03:37.000,4.399972916,1.795783162
06/21/2018 23:05:37.000,4.400054932,1.843485117
06/21/2018 23:07:37.000,4.39999485,1.889330149
06/21/2018 23:09:37.000,4.39999485,1.933409452
06/21/2018 23:11:37.000,4.399970055,1.975791454
06/21/2018 23:13:37.000,4.399980545,2.016571045
06/21/2018 23:15:37.000,4.399920464,2.055797815
06/21/2018 23:17:37.000,4.399973869,2.093539238
06/21/2018 23:19:37.000,4.39999485,2.12985754
06/21/2018 23:21:37.000,4.400033951,2.164781094
06/21/2018 23:23:37.000,4.400015831,2.198388577
06/21/2018 23:25:37.000,4.400001526,2.230736971
06/21/2018 23:27:37.000,4.400046349,2.261851788
06/21/2018 23:29:37.000,4.399953842,2.291781425
06/21/2018 23:31:37.000,4.399977684,2.320582151
06/21/2018 23:33:37.000,4.399925232,2.348286629
06/21/2018 23:35:37.000,4.400025368,2.374944925
06/21/2018 23:37:37.000,4.399905205,2.40058136
06/21/2018 23:39:37.000,4.400017738,2.425246954
06/21/2018 23:41:37.000,4.399975777,2.44897604
06/21/2018 23:43:37.000,4.399989128,2.471800327
06/21/2018 23:45:37.000,4.399977684,2.488243818
06/21/2018 23:47:37.000,4.256407738,2.488246441
06/21/2018 23:49:37.000,4.238385201,2.488246441
06/21/2018 23:51:37.000,4.233345032,2.488246441
06/21/2018 23:53:37.000,3.302373886,2.488246441
06/21/2018 23:55:37.000,3.250101089,2.488246441
06/21/2018 23:57:37.000,3.177636147,2.488246441
06/21/2018 23:59:37.000,3.102643013,2.488246441
06/22/2018 00:01:37.000,3.020334244,2.488246441
06/22/2018 00:03:37.000,2.999995232,2.488246441
06/22/2018 00:05:37.000,3.83690834,2.488246441
06/22/2018 00:07:37.000,3.853124619,2.488246441
06/22/2018 00:09:37.000,3.856343269,2.488246441
06/22/2018 00:11:37.000,4.20006752,0.017494546
06/22/2018 00:13:37.000,4.31061554,0.125906333
06/22/2018 00:15:37.000,4.341393471,0.234578222
06/22/2018 00:17:37.000,4.387013435,0.343234628
06/22/2018 00:19:37.000,4.399995804,0.44624427
06/22/2018 00:21:37.000,4.39993,0.532967389
06/22/2018 00:23:37.000,4.399978638,0.606641829
06/22/2018 00:25:37.000,4.400006294,0.670592785
06/22/2018 00:27:37.000,4.40000248,0.727197289
06/22/2018 00:29:37.000,4.400007248,0.778179884
06/22/2018 00:31:37.000,4.400009155,0.82470572
06/22/2018 00:33:37.000,4.399987221,0.867565334
06/22/2018 00:35:37.000,4.399945259,0.907324135
06/22/2018 00:37:37.000,4.400044441,0.944439352
06/22/2018 00:39:37.000,4.400020599,0.979253411
06/22/2018 00:41:37.000,4.40002346,1.012009621
06/22/2018 00:43:37.000,4.400006294,1.042905211
06/22/2018 00:45:37.000,4.399974823,1.072064519
06/22/2018 00:47:37.000,4.399974823,1.099646807
06/22/2018 00:49:37.000,4.399999619,1.125750065
06/22/2018 00:51:37.000,4.399991035,1.150491118
06/22/2018 00:53:37.000,4.400043488,1.173941731
06/22/2018 00:55:37.000,4.400022507,1.194959879
06/22/2018 00:57:37.000,4.26566124,1.194960237
06/22/2018 00:59:37.000,4.251403809,1.194960237
06/22/2018 01:01:37.000,4.247509956,1.194960237
06/22/2018 01:03:37.000,3.296809196,1.194960237
06/22/2018 01:05:37.000,3.237230301,1.194960237
06/22/2018 01:07:37.000,3.161275864,1.194960237
06/22/2018 01:09:37.000,3.086379051,1.194960237
06/22/2018 01:11:37.000,2.999979973,1.194960237
06/22/2018 01:13:37.000,3.855273247,1.194960237
06/22/2018 01:15:37.000,3.872860909,1.194960237
06/22/2018 01:17:37.000,3.876511574,1.194960237
06/22/2018 01:19:37.000,4.200072289,0.014817519
06/22/2018 01:21:37.000,4.309679031,0.123225018
06/22/2018 01:23:37.000,4.349600792,0.231890023
06/22/2018 01:25:37.000,4.40003109,0.340470731
06/22/2018 01:27:37.000,4.400003433,0.437550694
06/22/2018 01:29:37.000,4.400021553,0.518076658
06/22/2018 01:31:37.000,4.399956703,0.586330771
06/22/2018 01:33:37.000,4.399971962,0.645698488
06/22/2018 01:35:37.000,4.400000572,0.698363543
06/22/2018 01:37:37.000,4.399969101,0.74591136
06/22/2018 01:39:37.000,4.400029182,0.789332151
06/22/2018 01:41:37.000,4.400005341,0.829363763
06/22/2018 01:43:37.000,4.399964333,0.866528511
06/22/2018 01:45:37.000,4.399982452,0.901181221
06/22/2018 01:47:37.000,4.400003433,0.9336043
06/22/2018 01:49:37.000,4.399980545,0.964041531
06/22/2018 01:51:37.000,4.399977684,0.992656946
06/22/2018 01:53:37.000,4.399980545,1.019611835
06/22/2018 01:55:37.000,4.399993896,1.045118093
06/22/2018 01:57:37.000,4.400021553,1.069304109
06/22/2018 01:59:37.000,4.399972916,1.092256308
06/22/2018 02:01:37.000,4.39999485,1.104292154
06/22/2018 02:03:37.000,4.269369125,1.104295135
06/22/2018 02:05:37.000,4.256146431,1.104295135
06/22/2018 02:07:37.000,4.252741814,1.104295135
06/22/2018 02:09:37.000,3.316129684,1.104295135
06/22/2018 02:11:37.000,3.251707077,1.104295135
06/22/2018 02:13:37.000,3.170819283,1.104295135
06/22/2018 02:15:37.000,3.09311676,1.104295135
06/22/2018 02:17:37.000,3.001351357,1.104295135
06/22/2018 02:19:37.000,2.999978065,1.104295135
06/22/2018 02:21:37.000,3.854113579,1.104295135
06/22/2018 02:23:37.000,3.872580528,1.104295135
06/22/2018 02:25:37.000,3.876401901,1.104295135
06/22/2018 02:27:37.000,4.200060844,0.016174274
06/22/2018 02:29:37.000,4.302477837,0.124589421
06/22/2018 02:31:37.000,4.339710236,0.233252451
06/22/2018 02:33:37.000,4.39203167,0.341909081
06/22/2018 02:35:37.000,4.400020599,0.442333758
06/22/2018 02:37:37.000,4.400030136,0.524899185
06/22/2018 02:39:37.000,4.400013924,0.594059527
06/22/2018 02:41:37.000,4.40007782,0.65358609
06/22/2018 02:43:37.000,4.400012016,0.706128836
06/22/2018 02:45:37.000,4.399991989,0.753414631
06/22/2018 02:47:37.000,4.399982452,0.796559215
06/22/2018 02:49:37.000,4.399949074,0.836311758
06/22/2018 02:51:37.000,4.399996758,0.873161614
06/22/2018 02:53:37.000,4.399968147,0.907474339
06/22/2018 02:55:37.000,4.399953842,0.939507782
06/22/2018 02:57:37.000,4.400004387,0.969492733
06/22/2018 02:59:37.000,4.39995575,0.997614741
06/22/2018 03:01:37.000,4.400039673,1.024065614
06/22/2018 03:03:37.000,4.399969101,1.048973322
06/22/2018 03:05:37.000,4.400022507,1.072449088
06/22/2018 03:07:37.000,4.399967194,1.090466022
06/22/2018 03:09:37.000,4.268050194,1.090468645
06/22/2018 03:11:37.000,4.255020142,1.090468645
06/22/2018 03:13:37.000,4.251676559,1.090468645
06/22/2018 03:15:37.000,3.304450035,1.090468645
06/22/2018 03:17:37.000,3.239053726,1.090468645
06/22/2018 03:19:37.000,3.157513618,1.090468645
06/22/2018 03:21:37.000,3.074371338,1.090468645
06/22/2018 03:23:37.000,2.999997139,1.090468645
06/22/2018 03:25:37.000,3.862734795,1.090468645
06/22/2018 03:27:37.000,3.880951881,1.090468645
06/22/2018 03:29:37.000,3.884852409,1.090468645
06/22/2018 03:31:37.000,4.200054169,0.010539216
06/22/2018 03:33:37.000,4.319300652,0.118948929
06/22/2018 03:35:37.000,4.356654167,0.227607742
06/22/2018 03:37:37.000,4.399997711,0.335888416
06/22/2018 03:39:37.000,4.40004921,0.430802256
06/22/2018 03:41:37.000,4.400003433,0.509222388
06/22/2018 03:43:37.000,4.400006294,0.575402737
06/22/2018 03:45:37.000,4.399974823,0.632813096
06/22/2018 03:47:37.000,4.400034904,0.68355459
06/22/2018 03:49:37.000,4.400046349,0.729113638
06/22/2018 03:51:37.000,4.400020599,0.770612478
06/22/2018 03:53:37.000,4.400017738,0.808882713
06/22/2018 03:55:37.000,4.400027275,0.844405293
06/22/2018 03:57:37.000,4.400019646,0.87753135
06/22/2018 03:59:37.000,4.400029182,0.908504128
06/22/2018 04:01:37.000,4.400053978,0.937517643
06/22/2018 04:03:37.000,4.400012016,0.964750707
06/22/2018 04:05:37.000,4.400047302,0.990352213
06/22/2018 04:07:37.000,4.399991989,1.01446104
06/22/2018 04:09:37.000,4.400013924,1.037188053
06/22/2018 04:11:37.000,4.400012016,1.042852521
06/22/2018 04:13:37.000,4.268883705,1.042854786
06/22/2018 04:15:37.000,4.256162643,1.042854786
06/22/2018 04:17:37.000,4.252984047,1.042854786
06/22/2018 04:19:37.000,3.308609009,1.042854786
06/22/2018 04:21:37.000,3.24227047,1.042854786
06/22/2018 04:23:37.000,3.160208702,1.042854786
06/22/2018 04:25:37.000,3.076140404,1.042854786
06/22/2018 04:27:37.000,2.999992371,1.042854786
06/22/2018 04:29:37.000,3.861564636,1.042854786
06/22/2018 04:31:37.000,3.880291939,1.042854786
06/22/2018 04:33:37.000,3.884405136,1.042854786
06/22/2018 04:35:37.000,4.200045586,0.010074265
06/22/2018 04:37:37.000,4.322301865,0.118487149
06/22/2018 04:39:37.000,4.360478401,0.227149472
06/22/2018 04:41:37.000,4.400020599,0.335093826
06/22/2018 04:43:37.000,4.400012016,0.42894429
06/22/2018 04:45:37.000,4.400024414,0.506851912
06/22/2018 04:47:37.000,4.400025368,0.573003769
06/22/2018 04:49:37.000,4.400006294,0.63067776
06/22/2018 04:51:37.000,4.399982452,0.681868255
06/22/2018 04:53:37.000,4.400045395,0.728106022
06/22/2018 04:55:37.000,4.400035858,0.770487607
06/22/2018 04:57:37.000,4.4000597,0.809576511
06/22/2018 04:59:37.000,4.400012016,0.845672786
06/22/2018 05:01:37.000,4.399991035,0.879144311
06/22/2018 05:03:37.000,4.399979591,0.910399258
06/22/2018 05:05:37.000,4.400040627,0.939767003
06/22/2018 05:07:37.000,4.400003433,0.96745193
06/22/2018 05:09:37.000,4.400032997,0.993577898
06/22/2018 05:11:37.000,4.400006294,1.018225551
06/22/2018 05:13:37.000,4.399983406,1.041457295
06/22/2018 05:15:37.000,4.400011063,1.054619908
06/22/2018 05:17:37.000,4.272806168,1.054621458
06/22/2018 05:19:37.000,4.260547638,1.054621458
06/22/2018 05:21:37.000,4.257499695,1.054621458
06/22/2018 05:23:37.000,3.327988625,1.054621458
06/22/2018 05:25:37.000,3.256851196,1.054621458
06/22/2018 05:27:37.000,3.173492432,1.054621458
06/22/2018 05:29:37.000,3.089743614,1.054621458
06/22/2018 05:31:37.000,2.999994278,1.054621458
06/22/2018 05:33:37.000,3.857266426,1.054621458
06/22/2018 05:35:37.000,3.876495361,1.054621458
06/22/2018 05:37:37.000,3.880736351,1.054621458
06/22/2018 05:39:37.000,4.200124741,0.011752632
06/22/2018 05:41:37.000,4.320017815,0.120163985
06/22/2018 05:43:37.000,4.357771873,0.228832886
06/22/2018 05:45:37.000,4.399957657,0.337004751
06/22/2018 05:47:37.000,4.399964333,0.431771785
06/22/2018 05:49:37.000,4.400014877,0.510593235
06/22/2018 05:51:37.000,4.400014877,0.577504277
06/22/2018 05:53:37.000,4.40004921,0.635615647
06/22/2018 05:55:37.000,4.400012016,0.687064588
06/22/2018 05:57:37.000,4.399995804,0.733612359
06/22/2018 05:59:37.000,4.400014877,0.776303649
06/22/2018 06:01:37.000,4.400045395,0.815714717
06/22/2018 06:03:37.000,4.399940491,0.852366805
06/22/2018 06:05:37.000,4.400009155,0.886593282
06/22/2018 06:07:37.000,4.400038719,0.918508947
06/22/2018 06:09:37.000,4.399967194,0.948210001
06/22/2018 06:11:37.000,4.400009155,0.975893855
06/22/2018 06:13:37.000,4.400053024,1.001812339
06/22/2018 06:15:37.000,4.39994812,1.026148677
06/22/2018 06:17:37.000,4.400068283,1.04906249
06/22/2018 06:19:37.000,4.399989128,1.057734609
06/22/2018 06:21:37.000,4.26985836,1.057734847
06/22/2018 06:23:37.000,4.25737381,1.057734847
06/22/2018 06:25:37.000,4.254309654,1.057734847
06/22/2018 06:27:37.000,3.315452576,1.057734847
06/22/2018 06:29:37.000,3.246377945,1.057734847
06/22/2018 06:31:37.000,3.162632942,1.057734847
06/22/2018 06:33:37.000,3.078164101,1.057734847
06/22/2018 06:35:37.000,2.999983788,1.057734847
06/22/2018 06:37:37.000,3.860061646,1.057734847
06/22/2018 06:39:37.000,3.878915787,1.057734847
06/22/2018 06:41:37.000,3.883199692,1.057734847
06/22/2018 06:43:37.000,4.200084686,0.010225946
06/22/2018 06:45:37.000,4.324192047,0.118644275
06/22/2018 06:47:37.000,4.364304543,0.22730422
06/22/2018 06:49:37.000,4.39999485,0.334682733
06/22/2018 06:51:37.000,4.399959564,0.427043855
06/22/2018 06:53:37.000,4.399963379,0.503762603
06/22/2018 06:55:37.000,4.399978638,0.56888324
06/22/2018 06:57:37.000,4.399991035,0.625701129
06/22/2018 06:59:37.000,4.400000572,0.67641592
06/22/2018 07:01:37.000,4.400004387,0.722325027
06/22/2018 07:03:37.000,4.400028229,0.764230847
06/22/2018 07:05:37.000,4.399989128,0.802893996
06/22/2018 07:07:37.000,4.399986267,0.838904977
06/22/2018 07:09:37.000,4.399972916,0.87261039
06/22/2018 07:11:37.000,4.400026321,0.904242158
06/22/2018 07:13:37.000,4.399974823,0.933991671
06/22/2018 07:15:37.000,4.400014877,0.961997867
06/22/2018 07:17:37.000,4.399998665,0.988286793
06/22/2018 07:19:37.000,4.400007248,1.012915492
06/22/2018 07:21:37.000,4.399974823,1.035951495
06/22/2018 07:23:37.000,4.400022507,1.044548392
06/22/2018 07:25:37.000,4.270625114,1.044550419
06/22/2018 07:27:37.000,4.258262634,1.044550419
06/22/2018 07:29:37.000,4.255174637,1.044550419
06/22/2018 07:31:37.000,3.319377899,1.044550419
06/22/2018 07:33:37.000,3.249276161,1.044550419
06/22/2018 07:35:37.000,3.166415215,1.044550419
06/22/2018 07:37:37.000,3.082532883,1.044550419
06/22/2018 07:39:37.000,2.999995232,1.044550419
06/22/2018 07:41:37.000,3.85844326,1.044550419
06/22/2018 07:43:37.000,3.877515793,1.044550419
06/22/2018 07:45:37.000,3.881837845,1.044550419
06/22/2018 07:47:37.000,4.200057983,0.010633532
06/22/2018 07:49:37.000,4.324132919,0.119044751
06/22/2018 07:51:37.000,4.363902092,0.227707684
06/22/2018 07:53:37.000,4.400042534,0.335158437
06/22/2018 07:55:37.000,4.400006294,0.427592993
06/22/2018 07:57:37.000,4.399996758,0.504123211
06/22/2018 07:59:37.000,4.399999619,0.569146991
06/22/2018 08:01:37.000,4.39999485,0.625925064
06/22/2018 08:03:37.000,4.399991989,0.676580131
06/22/2018 08:05:37.000,4.399947166,0.722590566
06/22/2018 08:07:37.000,4.399991989,0.76498884
06/22/2018 08:09:37.000,4.399980545,0.804312527
06/22/2018 08:11:37.000,4.399988174,0.84087348
06/22/2018 08:13:37.000,4.399971962,0.874979317
06/22/2018 08:15:37.000,4.400014877,0.906966448
06/22/2018 08:17:37.000,4.399972916,0.937017202
06/22/2018 08:19:37.000,4.399982452,0.965319991
06/22/2018 08:21:37.000,4.400032997,0.992069304
06/22/2018 08:23:37.000,4.400009155,1.017412066
06/22/2018 08:25:37.000,4.399996758,1.041335225
06/22/2018 08:27:37.000,4.400000572,1.063809991
06/22/2018 08:29:37.000,4.399992943,1.064731121
06/22/2018 08:31:37.000,4.274907112,1.064733624
06/22/2018 08:33:37.000,4.263025284,1.064733624
06/22/2018 08:35:37.000,4.260030746,1.064733624
06/22/2018 08:37:37.000,3.335330009,1.064733624
06/22/2018 08:39:37.000,3.261807442,1.064733624
06/22/2018 08:41:37.000,3.176687241,1.064733624
06/22/2018 08:43:37.000,3.092946053,1.064733624
06/22/2018 08:45:37.000,2.999982834,1.064733624
06/22/2018 08:47:37.000,3.856138229,1.064733624
06/22/2018 08:49:37.000,3.875529289,1.064733624
06/22/2018 08:51:37.000,3.879868507,1.064733624
06/22/2018 08:53:37.000,4.200098038,0.012104515
06/22/2018 08:55:37.000,4.318937302,0.120513201
06/22/2018 08:57:37.000,4.35787487,0.229173392
06/22/2018 08:59:37.000,4.400015831,0.337298542
06/22/2018 09:01:37.000,4.400036812,0.431727409
06/22/2018 09:03:37.000,4.400063515,0.50969559
06/22/2018 09:05:37.000,4.400003433,0.575486898
06/22/2018 09:07:37.000,4.399913788,0.632701755
06/22/2018 09:09:37.000,4.399971962,0.683602989
06/22/2018 09:11:37.000,4.399977684,0.729632795
06/22/2018 09:13:37.000,4.400016785,0.77178663
06/22/2018 09:15:37.000,4.399950981,0.810761094
06/22/2018 09:17:37.000,4.400042534,0.846948564
06/22/2018 09:19:37.000,4.400003433,0.880662739
06/22/2018 09:21:37.000,4.40003109,0.912222803
06/22/2018 09:23:37.000,4.399989128,0.941853583
06/22/2018 09:25:37.000,4.39999485,0.969673812
06/22/2018 09:27:37.000,4.400006294,0.995799124
06/22/2018 09:29:37.000,4.399970055,1.020413756
06/22/2018 09:31:37.000,4.40003109,1.043707252
06/22/2018 09:33:37.000,4.400013924,1.060900331
06/22/2018 09:35:37.000,4.271564484,1.060901523
06/22/2018 09:37:37.000,4.259274483,1.060901523
06/22/2018 09:39:37.000,4.256186485,1.060901523
06/22/2018 09:41:37.000,3.330341339,1.060901523
06/22/2018 09:43:37.000,3.256554604,1.060901523
06/22/2018 09:45:37.000,3.171330452,1.060901523
06/22/2018 09:47:37.000,3.085515022,1.060901523
06/22/2018 09:49:37.000,2.999990463,1.060901523
06/22/2018 09:51:37.000,3.857158661,1.060901523
06/22/2018 09:53:37.000,3.876430511,1.060901523
06/22/2018 09:55:37.000,3.880779266,1.060901523
06/22/2018 09:57:37.000,4.200092316,0.011160026
06/22/2018 09:59:37.000,4.322314262,0.119570084
06/22/2018 10:01:37.000,4.361674309,0.228224158
06/22/2018 10:03:37.000,4.400022507,0.335902512
06/22/2018 10:05:37.000,4.400005341,0.428795338
06/22/2018 10:07:37.000,4.400025368,0.505586028
06/22/2018 10:09:37.000,4.400008202,0.570465207
06/22/2018 10:11:37.000,4.400012016,0.626763701
06/22/2018 10:13:37.000,4.4000597,0.676945865
06/22/2018 10:15:37.000,4.400040627,0.722470701
06/22/2018 10:17:37.000,4.400048256,0.764239848
06/22/2018 10:19:37.000,4.399964333,0.802893579
06/22/2018 10:21:37.000,4.400025368,0.8388713
06/22/2018 10:23:37.000,4.400020599,0.872435153
06/22/2018 10:25:37.000,4.400020599,0.903837681
06/22/2018 10:27:37.000,4.399991035,0.933275402
06/22/2018 10:29:37.000,4.399986267,0.960984588
06/22/2018 10:31:37.000,4.400022507,0.987084508
06/22/2018 10:33:37.000,4.399999619,1.011627555
06/22/2018 10:35:37.000,4.399952888,1.034702539
06/22/2018 10:37:37.000,4.399986267,1.046814799
06/22/2018 10:39:37.000,4.269726753,1.046815991
06/22/2018 10:41:37.000,4.257172585,1.046815991
06/22/2018 10:43:37.000,4.254081726,1.046815991
06/22/2018 10:45:37.000,3.330546379,1.046815991
06/22/2018 10:47:37.000,3.263362885,1.046815991
06/22/2018 10:49:37.000,3.181247711,1.046815991
06/22/2018 10:51:37.000,3.096630096,1.046815991
06/22/2018 10:53:37.000,2.99998951,1.046815991
06/22/2018 10:55:37.000,3.850516319,1.046815991
06/22/2018 10:57:37.000,3.870128632,1.046815991
06/22/2018 10:59:37.000,3.874596596,1.046815991
06/22/2018 11:01:37.000,4.20006752,0.013413712
06/22/2018 11:03:37.000,4.316643715,0.121833488
06/22/2018 11:05:37.000,4.353164673,0.23049286
06/22/2018 11:07:37.000,4.400033951,0.339045942
06/22/2018 11:09:37.000,4.40002346,0.435931861
06/22/2018 11:11:37.000,4.400007248,0.516366482
06/22/2018 11:13:37.000,4.400024414,0.584351957
06/22/2018 11:15:37.000,4.399996758,0.643264592
06/22/2018 11:17:37.000,4.400014877,0.695405483
06/22/2018 11:19:37.000,4.400014877,0.742509723
06/22/2018 11:21:37.000,4.39998436,0.785660088
06/22/2018 11:23:37.000,4.400003433,0.825504839
06/22/2018 11:25:37.000,4.400111198,0.862538636
06/22/2018 11:27:37.000,4.399974823,0.897131443
06/22/2018 11:29:37.000,4.39997673,0.929468751
06/22/2018 11:31:37.000,4.399996758,0.959730387
06/22/2018 11:33:37.000,4.399990082,0.98814708
06/22/2018 11:35:37.000,4.40001297,1.014891028
06/22/2018 11:37:37.000,4.400006294,1.040077329
06/22/2018 11:39:37.000,4.399988174,1.063807487
06/22/2018 11:41:37.000,4.400025368,1.084466219
06/22/2018 11:43:37.000,4.271295547,1.084467769
06/22/2018 11:45:37.000,4.258867264,1.084467769
06/22/2018 11:47:37.000,4.25571537,1.084467769
06/22/2018 11:49:37.000,3.329166412,1.084467769
06/22/2018 11:51:37.000,3.258444786,1.084467769
06/22/2018 11:53:37.000,3.176383972,1.084467769
06/22/2018 11:55:37.000,3.09307766,1.084467769
06/22/2018 11:57:37.000,3,1.084467769
06/22/2018 11:59:37.000,3.853460312,1.084467769
06/22/2018 12:01:37.000,3.872781754,1.084467769
06/22/2018 12:03:37.000,3.877100945,1.084467769
06/22/2018 12:05:37.000,4.200094223,0.01264897
06/22/2018 12:07:37.000,4.318120956,0.121074803
06/22/2018 12:09:37.000,4.355576515,0.229732066
06/22/2018 12:11:37.000,4.399987221,0.338063687
06/22/2018 12:13:37.000,4.400012016,0.433346748
06/22/2018 12:15:37.000,4.400033951,0.512020707
06/22/2018 12:17:37.000,4.400019646,0.578294098
06/22/2018 12:19:37.000,4.400053024,0.635634482
06/22/2018 12:21:37.000,4.40002346,0.686371088
06/22/2018 12:23:37.000,4.399969101,0.732134223
06/22/2018 12:25:37.000,4.400045395,0.774134278
06/22/2018 12:27:37.000,4.400007248,0.813035667
06/22/2018 12:29:37.000,4.400014877,0.849246919
06/22/2018 12:31:37.000,4.399977684,0.883091629
06/22/2018 12:33:37.000,4.399991989,0.914788067
06/22/2018 12:35:37.000,4.400006294,0.944441259
06/22/2018 12:37:37.000,4.399983406,0.972218037
06/22/2018 12:39:37.000,4.399991989,0.998394191
06/22/2018 12:41:37.000,4.399967194,1.023152709
06/22/2018 12:43:37.000,4.399970055,1.04659462
06/22/2018 12:45:37.000,4.399969101,1.065618634
06/22/2018 12:47:37.000,4.270012856,1.065619349
06/22/2018 12:49:37.000,4.257394791,1.065619349
06/22/2018 12:51:37.000,4.254273415,1.065619349
06/22/2018 12:53:37.000,3.322404861,1.065619349
06/22/2018 12:55:37.000,3.250730515,1.065619349
06/22/2018 12:57:37.000,3.169055939,1.065619349
06/22/2018 12:59:37.000,3.085598946,1.065619349
06/22/2018 13:01:37.000,2.999992371,1.065619349
06/22/2018 13:03:37.000,3.854356766,1.065619349
06/22/2018 13:05:37.000,3.873492241,1.065619349
06/22/2018 13:07:37.000,3.877857208,1.065619349
06/22/2018 13:09:37.000,4.2000494,0.013107218
06/22/2018 13:11:37.000,4.317148209,0.121519081
06/22/2018 13:13:37.000,4.357083321,0.230175182
06/22/2018 13:15:37.000,4.400015831,0.338294864
06/22/2018 13:17:37.000,4.399995804,0.432673305
06/22/2018 13:19:37.000,4.400012016,0.510713995
06/22/2018 13:21:37.000,4.400090218,0.576653659
06/22/2018 13:23:37.000,4.40000248,0.633833647
06/22/2018 13:25:37.000,4.400027275,0.684505999
06/22/2018 13:27:37.000,4.400042534,0.730178535
06/22/2018 13:29:37.000,4.399989128,0.771956682
06/22/2018 13:31:37.000,4.399978638,0.810652316
06/22/2018 13:33:37.000,4.399962425,0.846718729
06/22/2018 13:35:37.000,4.399990082,0.880429924
06/22/2018 13:37:37.000,4.400078773,0.912030637
06/22/2018 13:39:37.000,4.399988174,0.941688895
06/22/2018 13:41:37.000,4.40001297,0.969467938
06/22/2018 13:43:37.000,4.400006294,0.995538652
06/22/2018 13:45:37.000,4.399981499,1.020084262
06/22/2018 13:47:37.000,4.399969101,1.043324232
06/22/2018 13:49:37.000,4.399974823,1.060191989
06/22/2018 13:51:37.000,4.269665718,1.060194135
06/22/2018 13:53:37.000,4.257002831,1.060194135
06/22/2018 13:55:37.000,4.253826141,1.060194135
06/22/2018 13:57:37.000,3.328562737,1.060194135
06/22/2018 13:59:37.000,3.254778862,1.060194135
06/22/2018 14:01:37.000,3.170258522,1.060194135
06/22/2018 14:03:37.000,3.086461067,1.060194135
06/22/2018 14:05:37.000,2.999991417,1.060194135
06/22/2018 14:07:37.000,3.853550911,1.060194135
06/22/2018 14:09:37.000,3.872665405,1.060194135
06/22/2018 14:11:37.000,3.876940727,1.060194135
06/22/2018 14:13:37.000,4.200080872,0.014010333
06/22/2018 14:15:37.000,4.313275337,0.122424215
06/22/2018 14:17:37.000,4.352417946,0.231083274
06/22/2018 14:19:37.000,4.399995804,0.33950603
06/22/2018 14:21:37.000,4.400075912,0.435091525
06/22/2018 14:23:37.000,4.399977684,0.513846159
06/22/2018 14:25:37.000,4.399990082,0.580269158
06/22/2018 14:27:37.000,4.40003109,0.637910903
06/22/2018 14:29:37.000,4.400032997,0.689049363
06/22/2018 14:31:37.000,4.39999485,0.735236704
06/22/2018 14:33:37.000,4.399977684,0.777478039
06/22/2018 14:35:37.000,4.399989128,0.816435933
06/22/2018 14:37:37.000,4.400006294,0.852677822
06/22/2018 14:39:37.000,4.400007248,0.886529863
06/22/2018 14:41:37.000,4.400039673,0.918193102
06/22/2018 14:43:37.000,4.400016785,0.947826505
06/22/2018 14:45:37.000,4.39998436,0.975591242
06/22/2018 14:47:37.000,4.400020599,1.001575947
06/22/2018 14:49:37.000,4.400000572,1.025958896
06/22/2018 14:51:37.000,4.40000248,1.048925281
06/22/2018 14:53:37.000,4.399952888,1.059399843
06/22/2018 14:55:37.000,4.268864632,1.059402823
06/22/2018 14:57:37.000,4.256118774,1.059402823
06/22/2018 14:59:37.000,4.252916336,1.059402823
06/22/2018 15:01:37.000,3.324145317,1.059402823
06/22/2018 15:03:37.000,3.251377106,1.059402823
06/22/2018 15:05:37.000,3.167457581,1.059402823
06/22/2018 15:07:37.000,3.079724312,1.059402823
06/22/2018 15:09:37.000,2.999973297,1.059402823
06/22/2018 15:11:37.000,3.857327461,1.059402823
06/22/2018 15:13:37.000,3.876244545,1.059402823
06/22/2018 15:15:37.000,3.880446434,1.059402823
06/22/2018 15:17:37.000,4.200094223,0.011436764
06/22/2018 15:19:37.000,4.319973946,0.119844913
06/22/2018 15:21:37.000,4.358642578,0.228512287
06/22/2018 15:23:37.000,4.399996758,0.336507827
06/22/2018 15:25:37.000,4.400015831,0.430397123
06/22/2018 15:27:37.000,4.399965286,0.507793307
06/22/2018 15:29:37.000,4.400016785,0.573049307
06/22/2018 15:31:37.000,4.399997711,0.629461586
06/22/2018 15:33:37.000,4.400012016,0.679332674
06/22/2018 15:35:37.000,4.399986267,0.724268258
06/22/2018 15:37:37.000,4.399972916,0.765372872
06/22/2018 15:39:37.000,4.400009155,0.803313017
06/22/2018 15:41:37.000,4.39999485,0.838568389
06/22/2018 15:43:37.000,4.400025368,0.871604621
06/22/2018 15:45:37.000,4.399982452,0.902643144
06/22/2018 15:47:37.000,4.400005341,0.931825638
06/22/2018 15:49:37.000,4.400020599,0.959278584
06/22/2018 15:51:37.000,4.400019646,0.985119283
06/22/2018 15:53:37.000,4.400060654,1.009391308
06/22/2018 15:55:37.000,4.399980545,1.032192945
06/22/2018 15:57:37.000,4.400029182,1.038426399
06/22/2018 15:59:37.000,4.268447876,1.038427591
06/22/2018 16:01:37.000,4.255655289,1.038427591
06/22/2018 16:03:37.000,4.252447128,1.038427591
06/22/2018 16:05:37.000,3.320903778,1.038427591
06/22/2018 16:07:37.000,3.249417305,1.038427591
06/22/2018 16:09:37.000,3.166765213,1.038427591
06/22/2018 16:11:37.000,3.081753731,1.038427591
06/22/2018 16:13:37.000,2.999999046,1.038427591
06/22/2018 16:15:37.000,3.855989456,1.038427591
06/22/2018 16:17:37.000,3.875178337,1.038427591
06/22/2018 16:19:37.000,3.879353523,1.038427591
06/22/2018 16:21:37.000,4.200122833,0.010921374
06/22/2018 16:23:37.000,4.323468208,0.119336255
06/22/2018 16:25:37.000,4.361591339,0.228007317
06/22/2018 16:27:37.000,4.400058746,0.335852444
06/22/2018 16:29:37.000,4.400000572,0.429574519
06/22/2018 16:31:37.000,4.400014877,0.507478714
06/22/2018 16:33:37.000,4.400022507,0.573607266
06/22/2018 16:35:37.000,4.400014877,0.630941212
06/22/2018 16:37:37.000,4.39997673,0.681615829
06/22/2018 16:39:37.000,4.399991989,0.727196038
06/22/2018 16:41:37.000,4.400051117,0.768699765
06/22/2018 16:43:37.000,4.400034904,0.806897104
06/22/2018 16:45:37.000,4.400050163,0.842367887
06/22/2018 16:47:37.000,4.400052071,0.875531793
06/22/2018 16:49:37.000,4.400007248,0.906722069
06/22/2018 16:51:37.000,4.400060654,0.936182141
06/22/2018 16:53:37.000,4.399980545,0.963974833
06/22/2018 16:55:37.000,4.400009155,0.990190625
06/22/2018 16:57:37.000,4.400024414,1.014930487
06/22/2018 16:59:37.000,4.400007248,1.038232446
06/22/2018 17:01:37.000,4.400017738,1.05095613
06/22/2018 17:03:37.000,4.270359039,1.050957322
06/22/2018 17:05:37.000,4.25772953,1.050957322
06/22/2018 17:07:37.000,4.254644394,1.050957322
06/22/2018 17:09:37.000,3.329000473,1.050957322
06/22/2018 17:11:37.000,3.257547379,1.050957322
06/22/2018 17:13:37.000,3.174559593,1.050957322
06/22/2018 17:15:37.000,3.090566635,1.050957322
06/22/2018 17:17:37.000,2.999979019,1.050957322
06/22/2018 17:19:37.000,3.853099823,1.050957322
06/22/2018 17:21:37.000,3.87233448,1.050957322
06/22/2018 17:23:37.000,3.876717567,1.050957322
06/22/2018 17:25:37.000,4.200032234,0.01272323
06/22/2018 17:27:37.000,4.318943024,0.121133044
06/22/2018 17:29:37.000,4.356993675,0.229805037
06/22/2018 17:31:37.000,4.400019646,0.338067442
06/22/2018 17:33:37.000,4.399982452,0.433453262
06/22/2018 17:35:37.000,4.40004158,0.512770355
06/22/2018 17:37:37.000,4.399988174,0.580152094
06/22/2018 17:39:37.000,4.399987221,0.638820529
06/22/2018 17:41:37.000,4.400008202,0.690999985
06/22/2018 17:43:37.000,4.400025368,0.737939358
06/22/2018 17:45:37.000,4.399990082,0.780501842
06/22/2018 17:47:37.000,4.400017738,0.819469988
06/22/2018 17:49:37.000,4.39996624,0.855414152
06/22/2018 17:51:37.000,4.400020599,0.888786495
06/22/2018 17:53:37.000,4.399974823,0.919935286
06/22/2018 17:55:37.000,4.399947166,0.949199021
06/22/2018 17:57:37.000,4.399969101,0.976832271
06/22/2018 17:59:37.000,4.400003433,1.002902508
06/22/2018 18:01:37.000,4.399990082,1.027465582
06/22/2018 18:03:37.000,4.400025368,1.050616145
06/22/2018 18:05:37.000,4.399986267,1.062895417
06/22/2018 18:07:37.000,4.269924164,1.062897921
06/22/2018 18:09:37.000,4.257253647,1.062897921
06/22/2018 18:11:37.000,4.2541399,1.062897921
06/22/2018 18:13:37.000,3.322611809,1.062897921
06/22/2018 18:15:37.000,3.248547554,1.062897921
06/22/2018 18:17:37.000,3.164079666,1.062897921
06/22/2018 18:19:37.000,3.08012867,1.062897921
06/22/2018 18:21:37.000,2.999983788,1.062897921
06/22/2018 18:23:37.000,3.857262611,1.062897921
06/22/2018 18:25:37.000,3.876326561,1.062897921
06/22/2018 18:27:37.000,3.880496025,1.062897921
06/22/2018 18:29:37.000,4.200120926,0.011305179
06/22/2018 18:31:37.000,4.322891235,0.119714841
06/22/2018 18:33:37.000,4.364312172,0.228376567
06/22/2018 18:35:37.000,4.399913788,0.33563742
06/22/2018 18:37:37.000,4.400008202,0.427441418
06/22/2018 18:39:37.000,4.400003433,0.503388524
06/22/2018 18:41:37.000,4.400011063,0.567864954
06/22/2018 18:43:37.000,4.399974823,0.624114037
06/22/2018 18:45:37.000,4.399981499,0.67430985
06/22/2018 18:47:37.000,4.40002346,0.719914198
06/22/2018 18:49:37.000,4.399999619,0.761804402
06/22/2018 18:51:37.000,4.399946213,0.800482154
06/22/2018 18:53:37.000,4.399978638,0.838366091
06/22/2018 18:55:37.000,4.400000572,0.875610888
06/22/2018 18:57:37.000,4.400009155,0.908741593
06/22/2018 18:59:37.000,4.400015831,0.937860429
06/22/2018 19:01:37.000,4.399974823,0.964538097
06/22/2018 19:03:37.000,4.399989128,0.989591956
06/22/2018 19:05:37.000,4.399957657,1.013200641
06/22/2018 19:07:37.000,4.400005341,1.03556335
06/22/2018 19:09:37.000,4.400014877,1.036430478
06/22/2018 19:11:37.000,4.267956734,1.03643167
06/22/2018 19:13:37.000,4.255116463,1.03643167
06/22/2018 19:15:37.000,4.251838684,1.03643167
06/22/2018 19:17:37.000,3.321700096,1.03643167
06/22/2018 19:19:37.000,3.246520996,1.03643167
06/22/2018 19:21:37.000,3.162339211,1.03643167
06/22/2018 19:23:37.000,3.076674461,1.03643167
06/22/2018 19:25:37.000,2.999986649,1.03643167
06/22/2018 19:27:37.000,3.857690811,1.03643167
06/22/2018 19:29:37.000,3.876667023,1.03643167
06/22/2018 19:31:37.000,3.88079834,1.03643167
06/22/2018 19:33:37.000,4.200035095,0.011212847
06/22/2018 19:35:37.000,4.322052956,0.119622327
06/22/2018 19:37:37.000,4.362125397,0.228294343
06/22/2018 19:39:37.000,4.40001297,0.33582142
06/22/2018 19:41:37.000,4.400012016,0.428063542
06/22/2018 19:43:37.000,4.400030136,0.504176557
06/22/2018 19:45:37.000,4.400036812,0.568552256
06/22/2018 19:47:37.000,4.400020599,0.62450403
06/22/2018 19:49:37.000,4.400034904,0.674257338
06/22/2018 19:51:37.000,4.399991989,0.71938473
06/22/2018 19:53:37.000,4.399993896,0.760832071
06/22/2018 19:55:37.000,4.400032997,0.799202979
06/22/2018 19:57:37.000,4.399964333,0.834879279
06/22/2018 19:59:37.000,4.40000248,0.868265152
06/22/2018 20:01:37.000,4.40004158,0.899508297
06/22/2018 20:03:37.000,4.399953842,0.928769708
06/22/2018 20:05:37.000,4.399993896,0.956231177
06/22/2018 20:07:37.000,4.400025368,0.982075572
06/22/2018 20:09:37.000,4.400006294,1.006418109
06/22/2018 20:11:37.000,4.400008202,1.029375553
06/22/2018 20:13:37.000,4.400014877,1.039941907
06/22/2018 20:15:37.000,4.270125389,1.039945245
06/22/2018 20:17:37.000,4.257526398,1.039945245
06/22/2018 20:19:37.000,4.254293442,1.039945245
06/22/2018 20:21:37.000,3.331616402,1.039945245
06/22/2018 20:23:37.000,3.255949974,1.039945245
06/22/2018 20:25:37.000,3.171701431,1.039945245
06/22/2018 20:27:37.000,3.08762455,1.039945245
06/22/2018 20:29:37.000,3.000005722,1.039945245
06/22/2018 20:31:37.000,3.852673531,1.039945245
06/22/2018 20:33:37.000,3.87202549,1.039945245
06/22/2018 20:35:37.000,3.876288414,1.039945245
06/22/2018 20:37:37.000,4.200068474,0.013590834
06/22/2018 20:39:37.000,4.314822197,0.122002795
06/22/2018 20:41:37.000,4.353012085,0.230664849
06/22/2018 20:43:37.000,4.399971962,0.33912915
06/22/2018 20:45:37.000,4.40004921,0.434962422
06/22/2018 20:47:37.000,4.399952888,0.513899922
06/22/2018 20:49:37.000,4.399971962,0.580192089
06/22/2018 20:51:37.000,4.400001526,0.637366951
06/22/2018 20:53:37.000,4.400011063,0.687929988
06/22/2018 20:55:37.000,4.399987221,0.733462334
06/22/2018 20:57:37.000,4.399971008,0.775103211
06/22/2018 20:59:37.000,4.399986267,0.81366837
06/22/2018 21:01:37.000,4.399927139,0.849629581
06/22/2018 21:03:37.000,4.400032043,0.883250475
06/22/2018 21:05:37.000,4.400017738,0.91477114
06/22/2018 21:07:37.000,4.400000572,0.944391429
06/22/2018 21:09:37.000,4.400042534,0.972218692
06/22/2018 21:11:37.000,4.40002346,0.998369098
06/22/2018 21:13:37.000,4.400044441,1.022982359
06/22/2018 21:15:37.000,4.399972916,1.046183586
06/22/2018 21:17:37.000,4.39996624,1.061370134
06/22/2018 21:19:37.000,4.26953125,1.061371207
06/22/2018 21:21:37.000,4.25675106,1.061371207
06/22/2018 21:23:37.000,4.253554344,1.061371207
06/22/2018 21:25:37.000,3.329275131,1.061371207
06/22/2018 21:27:37.000,3.255640984,1.061371207
06/22/2018 21:29:37.000,3.169379234,1.061371207
06/22/2018 21:31:37.000,3.081449509,1.061371207
06/22/2018 21:33:37.000,2.999995232,1.061371207
06/22/2018 21:35:37.000,3.856333733,1.061371207
06/22/2018 21:37:37.000,3.875535011,1.061371207
06/22/2018 21:39:37.000,3.879713058,1.061371207
06/22/2018 21:41:37.000,4.200137138,0.011072565
06/22/2018 21:43:37.000,4.321866989,0.119492851
06/22/2018 21:45:37.000,4.360753059,0.228149667
06/22/2018 21:47:37.000,4.399998665,0.335942507
06/22/2018 21:49:37.000,4.400047302,0.429237008
06/22/2018 21:51:37.000,4.399921417,0.50627327
06/22/2018 21:53:37.000,4.399967194,0.571226716
06/22/2018 21:55:37.000,4.40000248,0.627361178
06/22/2018 21:57:37.000,4.400035858,0.677017927
06/22/2018 21:59:37.000,4.400006294,0.721794009
06/22/2018 22:01:37.000,4.400028229,0.762763321
06/22/2018 22:03:37.000,4.399978638,0.800600231
06/22/2018 22:05:37.000,4.400058746,0.835847437
06/22/2018 22:07:37.000,4.400052071,0.86890173
06/22/2018 22:09:37.000,4.400004387,0.899952114
06/22/2018 22:11:37.000,4.399945259,0.92915684
06/22/2018 22:13:37.000,4.400062561,0.956682265
06/22/2018 22:15:37.000,4.399924278,0.982621849
06/22/2018 22:17:37.000,4.399943352,1.007056832
06/22/2018 22:19:37.000,4.399967194,1.030112863
06/22/2018 22:21:37.000,4.399992943,1.041798472
06/22/2018 22:23:37.000,4.269229889,1.041800618
06/22/2018 22:25:37.000,4.25645256,1.041800618
06/22/2018 22:27:37.000,4.253158569,1.041800618
06/22/2018 22:29:37.000,3.331954002,1.041800618
06/22/2018 22:31:37.000,3.256063461,1.041800618
06/22/2018 22:33:37.000,3.170188904,1.041800618
06/22/2018 22:35:37.000,3.081953049,1.041800618
06/22/2018 22:37:37.000,2.999999046,1.041800618
06/22/2018 22:39:37.000,3.856290817,1.041800618
06/22/2018 22:41:37.000,3.875512123,1.041800618
06/22/2018 22:43:37.000,3.879756927,1.041800618
06/22/2018 22:45:37.000,4.200032234,0.011239091
06/22/2018 22:47:37.000,4.322339058,0.119650275
06/22/2018 22:49:37.000,4.362405777,0.228314146
06/22/2018 22:51:37.000,4.399997711,0.33593595
06/22/2018 22:53:37.000,4.400013924,0.428701073
06/22/2018 22:55:37.000,4.399991989,0.505391836
06/22/2018 22:57:37.000,4.399964333,0.570197642
06/22/2018 22:59:37.000,4.400001526,0.626430869
06/22/2018 23:01:37.000,4.399968147,0.676242054
06/22/2018 23:03:37.000,4.400075912,0.721103251
06/22/2018 23:05:37.000,4.400010109,0.762046933
06/22/2018 23:07:37.000,4.399986267,0.799840868
06/22/2018 23:09:37.000,4.399988174,0.834953249
06/22/2018 23:11:37.000,4.399947166,0.867772162
06/22/2018 23:13:37.000,4.400003433,0.89862448
06/22/2018 23:15:37.000,4.399971962,0.927679062
06/22/2018 23:17:37.000,4.400025368,0.955056429
06/22/2018 23:19:37.000,4.399997711,0.980864286
06/22/2018 23:21:37.000,4.399974823,1.005246162
06/22/2018 23:23:37.000,4.400015831,1.028303146
06/22/2018 23:25:37.000,4.399997711,1.040194035
06/22/2018 23:27:37.000,4.269420624,1.040195227
06/22/2018 23:29:37.000,4.256661415,1.040195227
06/22/2018 23:31:37.000,4.253351212,1.040195227
06/22/2018 23:33:37.000,3.33475399,1.040195227
06/22/2018 23:35:37.000,3.259449005,1.040195227
06/22/2018 23:37:37.000,3.174633026,1.040195227
06/22/2018 23:39:37.000,3.087557793,1.040195227
06/22/2018 23:41:37.000,2.999998093,1.040195227
06/22/2018 23:43:37.000,3.853582382,1.040195227
06/22/2018 23:45:37.000,3.872947693,1.040195227
06/22/2018 23:47:37.000,3.877249718,1.040195227
06/22/2018 23:49:37.000,4.200055122,0.012163205
06/22/2018 23:51:37.000,4.321246147,0.120568864
06/22/2018 23:53:37.000,4.360581398,0.229218274
06/22/2018 23:55:37.000,4.400011063,0.337085456
06/22/2018 23:57:37.000,4.399981499,0.430707633
06/22/2018 23:59:37.000,4.399973869,0.508377552
06/23/2018 00:01:37.000,4.400022507,0.574202478
06/23/2018 00:03:37.000,4.399991989,0.631364226
06/23/2018 00:05:37.000,4.399970055,0.682082415
06/23/2018 00:07:37.000,4.400057793,0.727739096
06/23/2018 00:09:37.000,4.400033951,0.769288778
06/23/2018 00:11:37.000,4.40001297,0.807487845
06/23/2018 00:13:37.000,4.400065422,0.842879355
06/23/2018 00:15:37.000,4.399971962,0.875911474
06/23/2018 00:17:37.000,4.399983406,0.906848252
06/23/2018 00:19:37.000,4.39999485,0.935945153
06/23/2018 00:21:37.000,4.399998665,0.96341759
06/23/2018 00:23:37.000,4.400011063,0.989390969
06/23/2018 00:25:37.000,4.400008202,1.013934493
06/23/2018 00:27:37.000,4.399989128,1.037142515
06/23/2018 00:29:37.000,4.399991989,1.052389264
06/23/2018 00:31:37.000,4.269276619,1.052390933
06/23/2018 00:33:37.000,4.256436348,1.052390933
06/23/2018 00:35:37.000,4.253120422,1.052390933
06/23/2018 00:37:37.000,3.329506874,1.052390933
06/23/2018 00:39:37.000,3.257138252,1.052390933
06/23/2018 00:41:37.000,3.173372269,1.052390933
06/23/2018 00:43:37.000,3.086010933,1.052390933
06/23/2018 00:45:37.000,2.999999046,1.052390933
06/23/2018 00:47:37.000,3.85439682,1.052390933
06/23/2018 00:49:37.000,3.873688698,1.052390933
06/23/2018 00:51:37.000,3.878029823,1.052390933
06/23/2018 00:53:37.000,4.200091362,0.011557302
06/23/2018 00:55:37.000,4.323357582,0.119969301
06/23/2018 00:57:37.000,4.362844467,0.228632778
06/23/2018 00:59:37.000,4.400039673,0.336242229
06/23/2018 01:01:37.000,4.399993896,0.429043025
06/23/2018 01:03:37.000,4.400024414,0.505830288
06/23/2018 01:05:37.000,4.399971962,0.571045399
06/23/2018 01:07:37.000,4.40004921,0.627893329
06/23/2018 01:09:37.000,4.400035858,0.678488195
06/23/2018 01:11:37.000,4.400012016,0.72426796
06/23/2018 01:13:37.000,4.39997673,0.766160846
06/23/2018 01:15:37.000,4.400001526,0.80468297
06/23/2018 01:17:37.000,4.40000248,0.840294838
06/23/2018 01:19:37.000,4.399977684,0.873414755
06/23/2018 01:21:37.000,4.400007248,0.904355168
06/23/2018 01:23:37.000,4.400009155,0.933339
06/23/2018 01:25:37.000,4.400022507,0.960596442
06/23/2018 01:27:37.000,4.399985313,0.986393988
06/23/2018 01:29:37.000,4.399957657,1.010863304
06/23/2018 01:31:37.000,4.399989128,1.034054637
06/23/2018 01:33:37.000,4.400006294,1.048719883
06/23/2018 01:35:37.000,4.268937111,1.048722386
06/23/2018 01:37:37.000,4.25609684,1.048722386
06/23/2018 01:39:37.000,4.252776146,1.048722386
06/23/2018 01:41:37.000,3.328176498,1.048722386
06/23/2018 01:43:37.000,3.254874229,1.048722386
06/23/2018 01:45:37.000,3.171032906,1.048722386
06/23/2018 01:47:37.000,3.08604908,1.048722386
06/23/2018 01:49:37.000,2.999992371,1.048722386
06/23/2018 01:51:37.000,3.85402298,1.048722386
06/23/2018 01:53:37.000,3.873291969,1.048722386
06/23/2018 01:55:37.000,3.877605438,1.048722386
06/23/2018 01:57:37.000,4.200040817,0.011894591
06/23/2018 01:59:37.000,4.322072029,0.120313764
06/23/2018 02:01:37.000,4.361365318,0.228976458
06/23/2018 02:03:37.000,4.400022507,0.336792409
06/23/2018 02:05:37.000,4.400017738,0.430176735
06/23/2018 02:07:37.000,4.400000572,0.507447541
06/23/2018 02:09:37.000,4.400022507,0.572741926
06/23/2018 02:11:37.000,4.400028229,0.629542351
06/23/2018 02:13:37.000,4.400053024,0.680042982
06/23/2018 02:15:37.000,4.39999485,0.725700855
06/23/2018 02:17:37.000,4.400020599,0.767418623
06/23/2018 02:19:37.000,4.399991989,0.805930793
06/23/2018 02:21:37.000,4.399972916,0.841662705
06/23/2018 02:23:37.000,4.399938583,0.87492007
06/23/2018 02:25:37.000,4.399996758,0.905997872
06/23/2018 02:27:37.000,4.400020599,0.935170054
06/23/2018 02:29:37.000,4.39999485,0.962679923
06/23/2018 02:31:37.000,4.400007248,0.98860687
06/23/2018 02:33:37.000,4.39999485,1.013080835
06/23/2018 02:35:37.000,4.400019646,1.036257982
06/23/2018 02:37:37.000,4.399988174,1.05166626
06/23/2018 02:39:37.000,4.26943779,1.051668763
06/23/2018 02:41:37.000,4.256575584,1.051668763
06/23/2018 02:43:37.000,4.25327301,1.051668763
06/23/2018 02:45:37.000,3.329465866,1.051668763
06/23/2018 02:47:37.000,3.254403114,1.051668763
06/23/2018 02:49:37.000,3.170333862,1.051668763
06/23/2018 02:51:37.000,3.086065292,1.051668763
06/23/2018 02:53:37.000,2.999986649,1.051668763
06/23/2018 02:55:37.000,3.853147507,1.051668763
06/23/2018 02:57:37.000,3.872471809,1.051668763
06/23/2018 02:59:37.000,3.87686348,1.051668763
06/23/2018 03:01:37.000,4.200091362,0.012522371
06/23/2018 03:03:37.000,4.32123661,0.120946258
06/23/2018 03:05:37.000,4.360321999,0.2296056
06/23/2018 03:07:37.000,4.400075912,0.337476909
06/23/2018 03:09:37.000,4.400048256,0.431083709
06/23/2018 03:11:37.000,4.399983406,0.508493662
06/23/2018 03:13:37.000,4.40003109,0.573841929
06/23/2018 03:15:37.000,4.399981499,0.630497217
06/23/2018 03:17:37.000,4.400001526,0.680863261
06/23/2018 03:19:37.000,4.400063515,0.726412356
06/23/2018 03:21:37.000,4.399971962,0.768137276
06/23/2018 03:23:37.000,4.400042534,0.8066625
06/23/2018 03:25:37.000,4.399991035,0.842429221
06/23/2018 03:27:37.000,4.400066376,0.875677288
06/23/2018 03:29:37.000,4.399997711,0.906700253
06/23/2018 03:31:37.000,4.400009155,0.935754597
06/23/2018 03:33:37.000,4.39999485,0.963071346
06/23/2018 03:35:37.000,4.39998436,0.988802195
06/23/2018 03:37:37.000,4.400067329,1.013098121
06/23/2018 03:39:37.000,4.399958611,1.036070585
06/23/2018 03:41:37.000,4.399965286,1.048233747
06/23/2018 03:43:37.000,4.267326355,1.048235297
06/23/2018 03:45:37.000,4.254201889,1.048235297
06/23/2018 03:47:37.000,4.250862122,1.048235297
06/23/2018 03:49:37.000,3.325033188,1.048235297
06/23/2018 03:51:37.000,3.251226425,1.048235297
06/23/2018 03:53:37.000,3.167050362,1.048235297
06/23/2018 03:55:37.000,3.082414627,1.048235297
06/23/2018 03:57:37.000,2.999999046,1.048235297
06/23/2018 03:59:37.000,3.853060722,1.048235297
06/23/2018 04:01:37.000,3.872303963,1.048235297
06/23/2018 04:03:37.000,3.876602173,1.048235297
06/23/2018 04:05:37.000,4.200080872,0.013149976
06/23/2018 04:07:37.000,4.319109917,0.121578179
06/23/2018 04:09:37.000,4.360198021,0.230249688
06/23/2018 04:11:37.000,4.399977684,0.338078529
06/23/2018 04:13:37.000,4.399982452,0.431419313
06/23/2018 04:15:37.000,4.400026321,0.508652508
06/23/2018 04:17:37.000,4.399964333,0.573943019
06/23/2018 04:19:37.000,4.399961472,0.630581677
06/23/2018 04:21:37.000,4.400068283,0.68085587
06/23/2018 04:23:37.000,4.400022507,0.726397812
06/23/2018 04:25:37.000,4.400003433,0.768207133
06/23/2018 04:27:37.000,4.400084496,0.806908011
06/23/2018 04:29:37.000,4.399958611,0.842912674
06/23/2018 04:31:37.000,4.399980545,0.876500785
06/23/2018 04:33:37.000,4.399996758,0.907820642
06/23/2018 04:35:37.000,4.400012016,0.937072694
06/23/2018 04:37:37.000,4.399977684,0.964477539
06/23/2018 04:39:37.000,4.399964333,0.990261078
06/23/2018 04:41:37.000,4.400008202,1.014561057
06/23/2018 04:43:37.000,4.399959564,1.037502646
06/23/2018 04:45:37.000,4.400014877,1.047705054
06/23/2018 04:47:37.000,4.267248154,1.047705412
06/23/2018 04:49:37.000,4.253967285,1.047705412
06/23/2018 04:51:37.000,4.250688553,1.047705412
06/23/2018 04:53:37.000,3.325669289,1.047705412
06/23/2018 04:55:37.000,3.252696991,1.047705412
06/23/2018 04:57:37.000,3.172250748,1.047705412
06/23/2018 04:59:37.000,3.088562965,1.047705412
06/23/2018 05:01:37.000,2.999997139,1.047705412
06/23/2018 05:03:37.000,3.851198196,1.047705412
06/23/2018 05:05:37.000,3.870500565,1.047705412
06/23/2018 05:07:37.000,3.874754906,1.047705412
06/23/2018 05:09:37.000,4.200055122,0.013779159
06/23/2018 05:11:37.000,4.317077637,0.122187965
06/23/2018 05:13:37.000,4.356523514,0.230850637
06/23/2018 05:15:37.000,4.400009155,0.339056134
06/23/2018 05:17:37.000,4.399999619,0.433786154
06/23/2018 05:19:37.000,4.399934769,0.512090266
06/23/2018 05:21:37.000,4.400017738,0.578212202
06/23/2018 05:23:37.000,4.399987221,0.635556281
06/23/2018 05:25:37.000,4.400016785,0.686372757
06/23/2018 05:27:37.000,4.400017738,0.732223749
06/23/2018 05:29:37.000,4.399989128,0.77428633
06/23/2018 05:31:37.000,4.399981499,0.813183963
06/23/2018 05:33:37.000,4.400036812,0.849352777
06/23/2018 05:35:37.000,4.400022507,0.883145511
06/23/2018 05:37:37.000,4.40003109,0.914780796
06/23/2018 05:39:37.000,4.399993896,0.944385707
06/23/2018 05:41:37.000,4.400039673,0.972106278
06/23/2018 05:43:37.000,4.399980545,0.998102248
06/23/2018 05:45:37.000,4.400010109,1.022548795
06/23/2018 05:47:37.000,4.399981499,1.045593381
06/23/2018 05:49:37.000,4.399983406,1.05686152
06/23/2018 05:51:37.000,4.267025948,1.056865215
06/23/2018 05:53:37.000,4.253811836,1.056865215
06/23/2018 05:55:37.000,4.25039959,1.056865215
06/23/2018 05:57:37.000,3.324069023,1.056865215
06/23/2018 05:59:37.000,3.251605034,1.056865215
06/23/2018 06:01:37.000,3.167136192,1.056865215
06/23/2018 06:03:37.000,3.084410667,1.056865215
06/23/2018 06:05:37.000,2.999977112,1.056865215
06/23/2018 06:07:37.000,3.85249424,1.056865215
06/23/2018 06:09:37.000,3.871603012,1.056865215
06/23/2018 06:11:37.000,3.875908852,1.056865215
06/23/2018 06:13:37.000,4.200065613,0.012797466
06/23/2018 06:15:37.000,4.319052696,0.121210158
06/23/2018 06:17:37.000,4.358193398,0.22988151
06/23/2018 06:19:37.000,4.400019646,0.337958902
06/23/2018 06:21:37.000,4.39999485,0.432238698
06/23/2018 06:23:37.000,4.399964333,0.510289252
06/23/2018 06:25:37.000,4.399999619,0.576120317
06/23/2018 06:27:37.000,4.400027275,0.633049548
06/23/2018 06:29:37.000,4.399950027,0.683442235
06/23/2018 06:31:37.000,4.399971962,0.728833139
06/23/2018 06:33:37.000,4.39997673,0.770316422
06/23/2018 06:35:37.000,4.400029182,0.808720171
06/23/2018 06:37:37.000,4.400015831,0.844561338
06/23/2018 06:39:37.000,4.399971962,0.878130436
06/23/2018 06:41:37.000,4.400054932,0.90963012
06/23/2018 06:43:37.000,4.400008202,0.939240456
06/23/2018 06:45:37.000,4.400026321,0.96702832
06/23/2018 06:47:37.000,4.399987221,0.993056178
06/23/2018 06:49:37.000,4.400028229,1.017474771
06/23/2018 06:51:37.000,4.399996758,1.040453315
06/23/2018 06:53:37.000,4.400017738,1.050792813
06/23/2018 06:55:37.000,4.266862869,1.05079484
06/23/2018 06:57:37.000,4.253528595,1.05079484
06/23/2018 06:59:37.000,4.250235558,1.05079484
06/23/2018 07:01:37.000,3.316549301,1.05079484
06/23/2018 07:03:37.000,3.24287796,1.05079484
06/23/2018 07:05:37.000,3.16146946,1.05079484
06/23/2018 07:07:37.000,3.076636314,1.05079484
06/23/2018 07:09:37.000,2.999986649,1.05079484
06/23/2018 07:11:37.000,3.855548859,1.05079484
06/23/2018 07:13:37.000,3.874549866,1.05079484
06/23/2018 07:15:37.000,3.878716469,1.05079484
06/23/2018 07:17:37.000,4.200055122,0.012242134
06/23/2018 07:19:37.000,4.319702148,0.120660782
06/23/2018 07:21:37.000,4.360466957,0.229318708
06/23/2018 07:23:37.000,4.399983406,0.337026417
06/23/2018 07:25:37.000,4.399998665,0.429942638
06/23/2018 07:27:37.000,4.399991035,0.506812811
06/23/2018 07:29:37.000,4.399924278,0.571826935
06/23/2018 07:31:37.000,4.400020599,0.62815696
06/23/2018 07:33:37.000,4.399980545,0.678002775
06/23/2018 07:35:37.000,4.400054932,0.722842395
06/23/2018 07:37:37.000,4.400003433,0.76374948
06/23/2018 07:39:37.000,4.400019646,0.801455975
06/23/2018 07:41:37.000,4.400004387,0.836540282
06/23/2018 07:43:37.000,4.399986267,0.869406581
06/23/2018 07:45:37.000,4.400020599,0.900287092
06/23/2018 07:47:37.000,4.399980545,0.929331303
06/23/2018 07:49:37.000,4.400010109,0.956696093
06/23/2018 07:51:37.000,4.399971962,0.982472658
06/23/2018 07:53:37.000,4.400020599,1.006701112
06/23/2018 07:55:37.000,4.400025368,1.029524922
06/23/2018 07:57:37.000,4.399999619,1.036780119
06/23/2018 07:59:37.000,4.267210007,1.036782622
06/23/2018 08:01:37.000,4.253958702,1.036782622
06/23/2018 08:03:37.000,4.250564575,1.036782622
06/23/2018 08:05:37.000,3.319124222,1.036782622
06/23/2018 08:07:37.000,3.243408203,1.036782622
06/23/2018 08:09:37.000,3.158250809,1.036782622
06/23/2018 08:11:37.000,3.072262764,1.036782622
06/23/2018 08:13:37.000,2.999997139,1.036782622
06/23/2018 08:15:37.000,3.857671738,1.036782622
06/23/2018 08:17:37.000,3.876578331,1.036782622
06/23/2018 08:19:37.000,3.880703926,1.036782622
06/23/2018 08:21:37.000,4.200105667,0.011928762
06/23/2018 08:23:37.000,4.317325592,0.120352194
06/23/2018 08:25:37.000,4.359205246,0.229010925
06/23/2018 08:27:37.000,4.400016785,0.336613774
06/23/2018 08:29:37.000,4.400011063,0.428795129
06/23/2018 08:31:37.000,4.399991989,0.504765272
06/23/2018 08:33:37.000,4.399975777,0.569099367
06/23/2018 08:35:37.000,4.399991035,0.625045002
06/23/2018 08:37:37.000,4.399969101,0.674830377
06/23/2018 08:39:37.000,4.400012016,0.719851792
06/23/2018 08:41:37.000,4.399997711,0.760923564
06/23/2018 08:43:37.000,4.40000248,0.79869765
06/23/2018 08:45:37.000,4.400051117,0.833653986
06/23/2018 08:47:37.000,4.400032043,0.866215408
06/23/2018 08:49:37.000,4.400044441,0.896724224
06/23/2018 08:51:37.000,4.40003109,0.925464988
06/23/2018 08:53:37.000,4.399973869,0.952511191
06/23/2018 08:55:37.000,4.400036812,0.978002429
06/23/2018 08:57:37.000,4.400009155,1.002051711
06/23/2018 08:59:37.000,4.400035858,1.0246737
06/23/2018 09:01:37.000,4.400029182,1.028342128
06/23/2018 09:03:37.000,4.268133163,1.028345466
06/23/2018 09:05:37.000,4.255098343,1.028345466
06/23/2018 09:07:37.000,4.251752853,1.028345466
06/23/2018 09:09:37.000,3.321527481,1.028345466
06/23/2018 09:11:37.000,3.245993614,1.028345466
06/23/2018 09:13:37.000,3.16136837,1.028345466
06/23/2018 09:15:37.000,3.074980736,1.028345466
06/23/2018 09:17:37.000,2.999998093,1.028345466
06/23/2018 09:19:37.000,3.85759449,1.028345466
06/23/2018 09:21:37.000,3.876455307,1.028345466
06/23/2018 09:23:37.000,3.880625725,1.028345466
06/23/2018 09:25:37.000,4.200078964,0.011328013
06/23/2018 09:27:37.000,4.319867134,0.119739026
06/23/2018 09:29:37.000,4.35908699,0.228402793
06/23/2018 09:31:37.000,4.400036812,0.336319715
06/23/2018 09:33:37.000,4.400001526,0.429588437
06/23/2018 09:35:37.000,4.400051117,0.506121099
06/23/2018 09:37:37.000,4.399972916,0.570304394
06/23/2018 09:39:37.000,4.400017738,0.625774443
06/23/2018 09:41:37.000,4.39993763,0.675067723
06/23/2018 09:43:37.000,4.400012016,0.719675243
06/23/2018 09:45:37.000,4.39999485,0.760517478
06/23/2018 09:47:37.000,4.399989128,0.798231602
06/23/2018 09:49:37.000,4.40004158,0.833182275
06/23/2018 09:51:37.000,4.399970055,0.865658939
06/23/2018 09:53:37.000,4.40000248,0.895956814
06/23/2018 09:55:37.000,4.400006294,0.924400389
06/23/2018 09:57:37.000,4.399987221,0.951249182
06/23/2018 09:59:37.000,4.400009155,0.976627409
06/23/2018 10:01:37.000,4.400017738,1.000617385
06/23/2018 10:03:37.000,4.399986267,1.023278832
06/23/2018 10:05:37.000,4.400012016,1.028383493
06/23/2018 10:07:37.000,4.268076897,1.028384686
06/23/2018 10:09:37.000,4.254981041,1.028384686
06/23/2018 10:11:37.000,4.251601219,1.028384686
06/23/2018 10:13:37.000,3.318639755,1.028384686
06/23/2018 10:15:37.000,3.242305756,1.028384686
06/23/2018 10:17:37.000,3.156938553,1.028384686
06/23/2018 10:19:37.000,3.069979668,1.028384686
06/23/2018 10:21:37.000,3,1.028384686
06/23/2018 10:23:37.000,3.860178947,1.028384686
06/23/2018 10:25:37.000,3.879098892,1.028384686
06/23/2018 10:27:37.000,3.883253098,1.028384686
06/23/2018 10:29:37.000,4.200108528,0.009406108
06/23/2018 10:31:37.000,4.326407433,0.117839426
06/23/2018 10:33:37.000,4.366069794,0.22649695
06/23/2018 10:35:37.000,4.400038719,0.333622754
06/23/2018 10:37:37.000,4.399991989,0.425023258
06/23/2018 10:39:37.000,4.400032043,0.500614643
06/23/2018 10:41:37.000,4.400016785,0.564362884
06/23/2018 10:43:37.000,4.400033951,0.619343996
06/23/2018 10:45:37.000,4.400020599,0.667898238
06/23/2018 10:47:37.000,4.399999619,0.711762071
06/23/2018 10:49:37.000,4.399977684,0.752023935
06/23/2018 10:51:37.000,4.400017738,0.789350212
06/23/2018 10:53:37.000,4.399991989,0.824133217
06/23/2018 10:55:37.000,4.400028229,0.856655657
06/23/2018 10:57:37.000,4.39996624,0.887087345
06/23/2018 10:59:37.000,4.399999619,0.91554153
06/23/2018 11:01:37.000,4.400035858,0.942241967
06/23/2018 11:03:37.000,4.399988174,0.967459261
06/23/2018 11:05:37.000,4.399975777,0.991302907
06/23/2018 11:07:37.000,4.399983406,1.013824701
06/23/2018 11:09:37.000,4.39999485,1.017849684
06/23/2018 11:11:37.000,4.268724442,1.017852306
06/23/2018 11:13:37.000,4.255738258,1.017852306
06/23/2018 11:15:37.000,4.252378464,1.017852306
06/23/2018 11:17:37.000,3.324838638,1.017852306
06/23/2018 11:19:37.000,3.247247696,1.017852306
06/23/2018 11:21:37.000,3.160561562,1.017852306
06/23/2018 11:23:37.000,3.072853088,1.017852306
06/23/2018 11:25:37.000,2.99998188,1.017852306
06/23/2018 11:27:37.000,3.858570099,1.017852306
06/23/2018 11:29:37.000,3.877667427,1.017852306
06/23/2018 11:31:37.000,3.881884575,1.017852306
06/23/2018 11:33:37.000,4.200037956,0.010035684
06/23/2018 11:35:37.000,4.326411247,0.11845386
06/23/2018 11:37:37.000,4.366514206,0.227107093
06/23/2018 11:39:37.000,4.40002346,0.334258705
06/23/2018 11:41:37.000,4.400012016,0.426100612
06/23/2018 11:43:37.000,4.40003109,0.502347648
06/23/2018 11:45:37.000,4.399991035,0.566931129
06/23/2018 11:47:37.000,4.400030136,0.622915506
06/23/2018 11:49:37.000,4.400045395,0.672396839
06/23/2018 11:51:37.000,4.400008202,0.716739595
06/23/2018 11:53:37.000,4.400006294,0.757057309
06/23/2018 11:55:37.000,4.400025368,0.79421705
06/23/2018 11:57:37.000,4.399974823,0.828821719
06/23/2018 11:59:37.000,4.399998665,0.861205935
06/23/2018 12:01:37.000,4.400012016,0.891590714
06/23/2018 12:03:37.000,4.39996624,0.920117199
06/23/2018 12:05:37.000,4.400024414,0.946932793
06/23/2018 12:07:37.000,4.399992943,0.972132564
06/23/2018 12:09:37.000,4.400015831,0.995918453
06/23/2018 12:11:37.000,4.400024414,1.018462658
06/23/2018 12:13:37.000,4.399969101,1.02309978
06/23/2018 12:15:37.000,4.268585205,1.02310133
06/23/2018 12:17:37.000,4.255486488,1.02310133
06/23/2018 12:19:37.000,4.252234459,1.02310133
06/23/2018 12:21:37.000,3.329115868,1.02310133
06/23/2018 12:23:37.000,3.249279022,1.02310133
06/23/2018 12:25:37.000,3.161831856,1.02310133
06/23/2018 12:27:37.000,3.07237339,1.02310133
06/23/2018 12:29:37.000,3,1.02310133
06/23/2018 12:31:37.000,3.859142303,1.02310133
06/23/2018 12:33:37.000,3.878346443,1.02310133
06/23/2018 12:35:37.000,3.882466316,1.02310133
06/23/2018 12:37:37.000,4.200035095,0.009674412
06/23/2018 12:39:37.000,4.328639984,0.118085362
06/23/2018 12:41:37.000,4.37071991,0.226749077
06/23/2018 12:43:37.000,4.399971962,0.333141655
06/23/2018 12:45:37.000,4.400000572,0.423307687
06/23/2018 12:47:37.000,4.400032997,0.498122215
06/23/2018 12:49:37.000,4.400009155,0.561843812
06/23/2018 12:51:37.000,4.400028229,0.617466509
06/23/2018 12:53:37.000,4.400001526,0.666826427
06/23/2018 12:55:37.000,4.400003433,0.71128577
06/23/2018 12:57:37.000,4.400025368,0.751887202
06/23/2018 12:59:37.000,4.399988174,0.789207399
06/23/2018 13:01:37.000,4.400027275,0.823764563
06/23/2018 13:03:37.000,4.400040627,0.856048167
06/23/2018 13:05:37.000,4.400004387,0.886371672
06/23/2018 13:07:37.000,4.400010109,0.914932728
06/23/2018 13:09:37.000,4.399950027,0.941887259
06/23/2018 13:11:37.000,4.400003433,0.96731925
06/23/2018 13:13:37.000,4.399993896,0.991317689
06/23/2018 13:15:37.000,4.400003433,1.013906598
06/23/2018 13:17:37.000,4.400039673,1.018257976
06/23/2018 13:19:37.000,4.268344879,1.018259645
06/23/2018 13:21:37.000,4.255237579,1.018259645
06/23/2018 13:23:37.000,4.251878738,1.018259645
06/23/2018 13:25:37.000,3.326826096,1.018259645
06/23/2018 13:27:37.000,3.249174118,1.018259645
06/23/2018 13:29:37.000,3.16106987,1.018259645
06/23/2018 13:31:37.000,3.071007729,1.018259645
06/23/2018 13:33:37.000,2.999979973,1.018259645
06/23/2018 13:35:37.000,3.859548569,1.018259645
06/23/2018 13:37:37.000,3.878709793,1.018259645
06/23/2018 13:39:37.000,3.882935524,1.018259645
06/23/2018 13:41:37.000,4.200125694,0.009562131
06/23/2018 13:43:37.000,4.329449654,0.11798276
06/23/2018 13:45:37.000,4.371922493,0.226651758
06/23/2018 13:47:37.000,4.400011063,0.332667142
06/23/2018 13:49:37.000,4.400042534,0.422192156
06/23/2018 13:51:37.000,4.39999485,0.496519595
06/23/2018 13:53:37.000,4.399972916,0.559673011
06/23/2018 13:55:37.000,4.40000248,0.614857674
06/23/2018 13:57:37.000,4.40002346,0.664103508
06/23/2018 13:59:37.000,4.400011063,0.708687723
06/23/2018 14:01:37.000,4.400020599,0.749404073
06/23/2018 14:03:37.000,4.400024414,0.786992729
06/23/2018 14:05:37.000,4.400042534,0.821871459
06/23/2018 14:07:37.000,4.400009155,0.854291022
06/23/2018 14:09:37.000,4.399961472,0.884557903
06/23/2018 14:11:37.000,4.399992943,0.912982106
06/23/2018 14:13:37.000,4.399989128,0.939777732
06/23/2018 14:15:37.000,4.400005341,0.965109348
06/23/2018 14:17:37.000,4.399971962,0.989048779
06/23/2018 14:19:37.000,4.400012016,1.011656284
06/23/2018 14:21:37.000,4.400027275,1.015783191
06/23/2018 14:23:37.000,4.268641472,1.015783548
06/23/2018 14:25:37.000,4.255582809,1.015783548
06/23/2018 14:27:37.000,4.252230644,1.015783548
06/23/2018 14:29:37.000,3.325642586,1.015783548
06/23/2018 14:31:37.000,3.249318123,1.015783548
06/23/2018 14:33:37.000,3.165094376,1.015783548
06/23/2018 14:35:37.000,3.077849388,1.015783548
06/23/2018 14:37:37.000,2.999991417,1.015783548
06/23/2018 14:39:37.000,3.8560009,1.015783548
06/23/2018 14:41:37.000,3.875267982,1.015783548
06/23/2018 14:43:37.000,3.879529953,1.015783548
06/23/2018 14:45:37.000,4.20008564,0.010913476
06/23/2018 14:47:37.000,4.325447083,0.119323201
06/23/2018 14:49:37.000,4.366861343,0.22797513
06/23/2018 14:51:37.000,4.40001297,0.334926218
06/23/2018 14:53:37.000,4.399990082,0.426136822
06/23/2018 14:55:37.000,4.400024414,0.501795411
06/23/2018 14:57:37.000,4.400025368,0.565987229
06/23/2018 14:59:37.000,4.400075912,0.621846974
06/23/2018 15:01:37.000,4.400006294,0.67154783
06/23/2018 15:03:37.000,4.399987221,0.716653645
06/23/2018 15:05:37.000,4.399969101,0.757949829
06/23/2018 15:07:37.000,4.40007782,0.796068966
06/23/2018 15:09:37.000,4.399973869,0.831498146
06/23/2018 15:11:37.000,4.400011063,0.864601731
06/23/2018 15:13:37.000,4.400000572,0.895535171
06/23/2018 15:15:37.000,4.399988174,0.924410522
06/23/2018 15:17:37.000,4.399975777,0.951450825
06/23/2018 15:19:37.000,4.400014877,0.976928294
06/23/2018 15:21:37.000,4.400019646,1.00102973
06/23/2018 15:23:37.000,4.399945259,1.023840547
06/23/2018 15:25:37.000,4.399999619,1.031722426
06/23/2018 15:27:37.000,4.267913818,1.031725883
06/23/2018 15:29:37.000,4.254757881,1.031725883
06/23/2018 15:31:37.000,4.251356125,1.031725883
06/23/2018 15:33:37.000,3.323112488,1.031725883
06/23/2018 15:35:37.000,3.246107101,1.031725883
06/23/2018 15:37:37.000,3.158856392,1.031725883
06/23/2018 15:39:37.000,3.071406364,1.031725883
06/23/2018 15:41:37.000,2.999998093,1.031725883
06/23/2018 15:43:37.000,3.85900116,1.031725883
06/23/2018 15:45:37.000,3.878176689,1.031725883
06/23/2018 15:47:37.000,3.882382393,1.031725883
06/23/2018 15:49:37.000,4.200072289,0.009702193
06/23/2018 15:51:37.000,4.328271866,0.118107095
06/23/2018 15:53:37.000,4.370804787,0.226776764
06/23/2018 15:55:37.000,4.399993896,0.333031565
06/23/2018 15:57:37.000,4.39997673,0.422683209
06/23/2018 15:59:37.000,4.399983406,0.4968701
06/23/2018 16:01:37.000,4.400026321,0.559952438
06/23/2018 16:03:37.000,4.400029182,0.615039468
06/23/2018 16:05:37.000,4.39996624,0.664090812
06/23/2018 16:07:37.000,4.400025368,0.708477795
06/23/2018 16:09:37.000,4.399999619,0.749106765
06/23/2018 16:11:37.000,4.399957657,0.786608875
06/23/2018 16:13:37.000,4.399954796,0.821519732
06/23/2018 16:15:37.000,4.400003433,0.854124427
06/23/2018 16:17:37.000,4.399978638,0.884654045
06/23/2018 16:19:37.000,4.39999485,0.913315773
06/23/2018 16:21:37.000,4.399954796,0.940187693
06/23/2018 16:23:37.000,4.400028229,0.96539402
06/23/2018 16:25:37.000,4.400003433,0.989129841
06/23/2018 16:27:37.000,4.400035858,1.011560082
06/23/2018 16:29:37.000,4.400006294,1.013252854
06/23/2018 16:31:37.000,4.26695919,1.01325357
06/23/2018 16:33:37.000,4.253736496,1.01325357
06/23/2018 16:35:37.000,4.250358582,1.01325357
06/23/2018 16:37:37.000,3.322909355,1.01325357
06/23/2018 16:39:37.000,3.247365952,1.01325357
06/23/2018 16:41:37.000,3.162241936,1.01325357
06/23/2018 16:43:37.000,3.074297905,1.01325357
06/23/2018 16:45:37.000,3,1.01325357
06/23/2018 16:47:37.000,3.856499672,1.01325357
06/23/2018 16:49:37.000,3.875753403,1.01325357
06/23/2018 16:51:37.000,3.880003929,1.01325357
06/23/2018 16:53:37.000,4.200083733,0.010809377
06/23/2018 16:55:37.000,4.325613022,0.119216107
06/23/2018 16:57:37.000,4.367706299,0.227890134
06/23/2018 16:59:37.000,4.399963379,0.334773511
06/23/2018 17:01:37.000,4.40003109,0.425679862
06/23/2018 17:03:37.000,4.400026321,0.500897586
06/23/2018 17:05:37.000,4.400040627,0.564621091
06/23/2018 17:07:37.000,4.400043488,0.620218515
06/23/2018 17:09:37.000,4.400016785,0.669788539
06/23/2018 17:11:37.000,4.399988174,0.71464628
06/23/2018 17:13:37.000,4.399983406,0.755751312
06/23/2018 17:15:37.000,4.399997711,0.793704093
06/23/2018 17:17:37.000,4.400007248,0.828864813
06/23/2018 17:19:37.000,4.399982452,0.861657023
06/23/2018 17:21:37.000,4.400048256,0.892385542
06/23/2018 17:23:37.000,4.400020599,0.921267688
06/23/2018 17:25:37.000,4.399975777,0.948478043
06/23/2018 17:27:37.000,4.399982452,0.97409904
06/23/2018 17:29:37.000,4.400025368,0.9981879
06/23/2018 17:31:37.000,4.400010109,1.020819306
06/23/2018 17:33:37.000,4.400037766,1.024756789
06/23/2018 17:35:37.000,4.267126083,1.024758816
06/23/2018 17:37:37.000,4.253773689,1.024758816
06/23/2018 17:39:37.000,4.25036335,1.024758816
06/23/2018 17:41:37.000,3.324145317,1.024758816
06/23/2018 17:43:37.000,3.247354507,1.024758816
06/23/2018 17:45:37.000,3.162582397,1.024758816
06/23/2018 17:47:37.000,3.075728416,1.024758816
06/23/2018 17:49:37.000,2.999991417,1.024758816
06/23/2018 17:51:37.000,3.856184959,1.024758816
06/23/2018 17:53:37.000,3.875337601,1.024758816
06/23/2018 17:55:37.000,3.879589081,1.024758816
06/23/2018 17:57:37.000,4.200097084,0.01143689
06/23/2018 17:59:37.000,4.322500229,0.119842038
06/23/2018 18:01:37.000,4.364880562,0.228513449
06/23/2018 18:03:37.000,4.399935722,0.335657746
06/23/2018 18:05:37.000,4.399995804,0.427077025
06/23/2018 18:07:37.000,4.400008202,0.502480805
06/23/2018 18:09:37.000,4.399997711,0.566179454
06/23/2018 18:11:37.000,4.399980545,0.621448636
06/23/2018 18:13:37.000,4.399995804,0.670656085
06/23/2018 18:15:37.000,4.399938583,0.715237617
06/23/2018 18:17:37.000,4.399894714,0.756101966
06/23/2018 18:19:37.000,4.400042534,0.793844879
06/23/2018 18:21:37.000,4.399973869,0.828926682
06/23/2018 18:23:37.000,4.400015831,0.861534417
06/23/2018 18:25:37.000,4.400061607,0.891992211
06/23/2018 18:27:37.000,4.400027275,0.920638978
06/23/2018 18:29:37.000,4.400020599,0.94767195
06/23/2018 18:31:37.000,4.400012016,0.973211527
06/23/2018 18:33:37.000,4.399991035,0.997364759
06/23/2018 18:35:37.000,4.399992943,1.020170927
06/23/2018 18:37:37.000,4.399950027,1.026435137
06/23/2018 18:39:37.000,4.267188072,1.026437283
06/23/2018 18:41:37.000,4.253871918,1.026437283
06/23/2018 18:43:37.000,4.250444412,1.026437283
06/23/2018 18:45:37.000,3.31905365,1.026437283
06/23/2018 18:47:37.000,3.241542816,1.026437283
06/23/2018 18:49:37.000,3.156405449,1.026437283
06/23/2018 18:51:37.000,3.067955971,1.026437283
06/23/2018 18:53:37.000,2.999987602,1.026437283
06/23/2018 18:55:37.000,3.859392166,1.026437283
06/23/2018 18:57:37.000,3.878490448,1.026437283
06/23/2018 18:59:37.000,3.882590294,1.026437283
06/23/2018 19:01:37.000,4.200117111,0.010279721
06/23/2018 19:03:37.000,4.325613022,0.118698955
06/23/2018 19:05:37.000,4.369070053,0.227354258
06/23/2018 19:07:37.000,4.400024414,0.333684832
06/23/2018 19:09:37.000,4.400016785,0.423398256
06/23/2018 19:11:37.000,4.400050163,0.497527629
06/23/2018 19:13:37.000,4.40003109,0.560210824
06/23/2018 19:15:37.000,4.39999485,0.614622056
06/23/2018 19:17:37.000,4.400052071,0.66291362
06/23/2018 19:19:37.000,4.399974823,0.706674695
06/23/2018 19:21:37.000,4.400019646,0.746870399
06/23/2018 19:23:37.000,4.400014877,0.784101725
06/23/2018 19:25:37.000,4.399983406,0.818769336
06/23/2018 19:27:37.000,4.399971962,0.85113281
06/23/2018 19:29:37.000,4.400009155,0.881357193
06/23/2018 19:31:37.000,4.39995575,0.909633517
06/23/2018 19:33:37.000,4.399973869,0.936267316
06/23/2018 19:35:37.000,4.399958611,0.961470723
06/23/2018 19:37:37.000,4.400000572,0.985329211
06/23/2018 19:39:37.000,4.400017738,1.007923126
06/23/2018 19:41:37.000,4.399965286,1.012207627
06/23/2018 19:43:37.000,4.267428398,1.012208343
06/23/2018 19:45:37.000,4.254084587,1.012208343
06/23/2018 19:47:37.000,4.250701904,1.012208343
06/23/2018 19:49:37.000,3.319192886,1.012208343
06/23/2018 19:51:37.000,3.244346619,1.012208343
06/23/2018 19:53:37.000,3.159912109,1.012208343
06/23/2018 19:55:37.000,3.073067665,1.012208343
06/23/2018 19:57:37.000,2.999991417,1.012208343
06/23/2018 19:59:37.000,3.855958939,1.012208343
06/23/2018 20:01:37.000,3.875245094,1.012208343
06/23/2018 20:03:37.000,3.879512787,1.012208343
06/23/2018 20:05:37.000,4.200090408,0.011771835
06/23/2018 20:07:37.000,4.320840836,0.120175906
06/23/2018 20:09:37.000,4.362909317,0.228837937
06/23/2018 20:11:37.000,4.400071144,0.336130828
06/23/2018 20:13:37.000,4.400018692,0.427808911
06/23/2018 20:15:37.000,4.400053024,0.503458023
06/23/2018 20:17:37.000,4.400107384,0.567473888
06/23/2018 20:19:37.000,4.39997673,0.623027503
06/23/2018 20:21:37.000,4.400030136,0.672258854
06/23/2018 20:23:37.000,4.400044441,0.716659129
06/23/2018 20:25:37.000,4.400016785,0.757309139
06/23/2018 20:27:37.000,4.400036812,0.794925034
06/23/2018 20:29:37.000,4.400005341,0.829922557
06/23/2018 20:31:37.000,4.399992943,0.862594128
06/23/2018 20:33:37.000,4.400017738,0.893176794
06/23/2018 20:35:37.000,4.399986267,0.921764255
06/23/2018 20:37:37.000,4.400029182,0.948560417
06/23/2018 20:39:37.000,4.4000597,0.97382766
06/23/2018 20:41:37.000,4.399971962,0.997839332
06/23/2018 20:43:37.000,4.400009155,1.020684361
06/23/2018 20:45:37.000,4.40002346,1.031140208
06/23/2018 20:47:37.000,4.26834774,1.031141281
06/23/2018 20:49:37.000,4.25508213,1.031141281
06/23/2018 20:51:37.000,4.251605034,1.031141281
06/23/2018 20:53:37.000,3.332290649,1.031141281
06/23/2018 20:55:37.000,3.254950523,1.031141281
06/23/2018 20:57:37.000,3.169567108,1.031141281
06/23/2018 20:59:37.000,3.084685326,1.031141281
06/23/2018 21:01:37.000,2.999980927,1.031141281
06/23/2018 21:03:37.000,3.8520298,1.031141281
06/23/2018 21:05:37.000,3.871511459,1.031141281
06/23/2018 21:07:37.000,3.875849724,1.031141281
06/23/2018 21:09:37.000,4.200120926,0.012971873
06/23/2018 21:11:37.000,4.319081306,0.121375754
06/23/2018 21:13:37.000,4.359481812,0.230040386
06/23/2018 21:15:37.000,4.400001526,0.337842315
06/23/2018 21:17:37.000,4.400069237,0.430918425
06/23/2018 21:19:37.000,4.400009155,0.50769496
06/23/2018 21:21:37.000,4.399987221,0.572492003
06/23/2018 21:23:37.000,4.400045395,0.628739238
06/23/2018 21:25:37.000,4.400027275,0.678623617
06/23/2018 21:27:37.000,4.399973869,0.723636448
06/23/2018 21:29:37.000,4.399950981,0.764831424
06/23/2018 21:31:37.000,4.399967194,0.802965105
06/23/2018 21:33:37.000,4.400004387,0.838464379
06/23/2018 21:35:37.000,4.40001297,0.871616602
06/23/2018 21:37:37.000,4.400010109,0.90267992
06/23/2018 21:39:37.000,4.399991035,0.931842148
06/23/2018 21:41:37.000,4.40001297,0.959162712
06/23/2018 21:43:37.000,4.400038719,0.984791994
06/23/2018 21:45:37.000,4.399927139,1.008951187
06/23/2018 21:47:37.000,4.400042534,1.031882167
06/23/2018 21:49:37.000,4.400017738,1.044388771
06/23/2018 21:51:37.000,4.266658783,1.044390798
06/23/2018 21:53:37.000,4.253221512,1.044390798
06/23/2018 21:55:37.000,4.24966526,1.044390798
06/23/2018 21:57:37.000,3.322464943,1.044390798
06/23/2018 21:59:37.000,3.244170189,1.044390798
06/23/2018 22:01:37.000,3.159064293,1.044390798
06/23/2018 22:03:37.000,3.07162571,1.044390798
06/23/2018 22:05:37.000,2.999983788,1.044390798
06/23/2018 22:07:37.000,3.857942581,1.044390798
06/23/2018 22:09:37.000,3.876959801,1.044390798
06/23/2018 22:11:37.000,3.881103516,1.044390798
06/23/2018 22:13:37.000,4.200131416,0.010932572
06/23/2018 22:15:37.000,4.322693825,0.119346812
06/23/2018 22:17:37.000,4.364733696,0.228001058
06/23/2018 22:19:37.000,4.400072098,0.334993571
06/23/2018 22:21:37.000,4.400016785,0.425784409
06/23/2018 22:23:37.000,4.399991989,0.500355363
06/23/2018 22:25:37.000,4.400042534,0.563254297
06/23/2018 22:27:37.000,4.399982452,0.617836297
06/23/2018 22:29:37.000,4.400029182,0.666356385
06/23/2018 22:31:37.000,4.399997711,0.710209489
06/23/2018 22:33:37.000,4.399983406,0.750378728
06/23/2018 22:35:37.000,4.399945259,0.787578821
06/23/2018 22:37:37.000,4.400005341,0.822254241
06/23/2018 22:39:37.000,4.400065422,0.85468632
06/23/2018 22:41:37.000,4.39999485,0.885100543
06/23/2018 22:43:37.000,4.399938583,0.913660109
06/23/2018 22:45:37.000,4.399996758,0.940425396
06/23/2018 22:47:37.000,4.400017738,0.965571582
06/23/2018 22:49:37.000,4.400071144,0.989245415
06/23/2018 22:51:37.000,4.400019646,1.011628389
06/23/2018 22:53:37.000,4.400035858,1.012614012
06/23/2018 22:55:37.000,4.265625954,1.012616992
06/23/2018 22:57:37.000,4.252033234,1.012616992
06/23/2018 22:59:37.000,4.24851799,1.012616992
06/23/2018 23:01:37.000,3.3191185,1.012616992
06/23/2018 23:03:37.000,3.242650032,1.012616992
06/23/2018 23:05:37.000,3.156241417,1.012616992
06/23/2018 23:07:37.000,3.066177368,1.012616992
06/23/2018 23:09:37.000,2.999997139,1.012616992
06/23/2018 23:11:37.000,3.859828949,1.012616992
06/23/2018 23:13:37.000,3.878881454,1.012616992
06/23/2018 23:15:37.000,3.883073807,1.012616992
06/23/2018 23:17:37.000,4.200040817,0.009697849
06/23/2018 23:19:37.000,4.325704575,0.118113637
06/23/2018 23:21:37.000,4.367465973,0.226778671
06/23/2018 23:23:37.000,4.400009155,0.333489448
06/23/2018 23:25:37.000,4.399947166,0.423868626
06/23/2018 23:27:37.000,4.399983406,0.498385102
06/23/2018 23:29:37.000,4.39995575,0.561040342
06/23/2018 23:31:37.000,4.400040627,0.615223825
06/23/2018 23:33:37.000,4.400001526,0.663279235
06/23/2018 23:35:37.000,4.39993,0.706778109
06/23/2018 23:37:37.000,4.399989128,0.746646583
06/23/2018 23:39:37.000,4.399979591,0.783489585
06/23/2018 23:41:37.000,4.400004387,0.817897439
06/23/2018 23:43:37.000,4.400001526,0.850182772
06/23/2018 23:45:37.000,4.399987221,0.88049674
06/23/2018 23:47:37.000,4.399989128,0.908977926
06/23/2018 23:49:37.000,4.400022507,0.935769141
06/23/2018 23:51:37.000,4.400008202,0.960934877
06/23/2018 23:53:37.000,4.399989128,0.984561801
06/23/2018 23:55:37.000,4.40002346,1.004729271
06/23/2018 23:57:37.000,4.266555786,1.004732013
06/23/2018 23:59:37.000,4.253032684,1.004732013
06/24/2018 00:01:37.000,4.249524117,1.004732013
06/24/2018 00:03:37.000,3.318770409,1.004732013
06/24/2018 00:05:37.000,3.241599083,1.004732013
06/24/2018 00:07:37.000,3.155085564,1.004732013
06/24/2018 00:09:37.000,3.067569733,1.004732013
06/24/2018 00:11:37.000,2.99998188,1.004732013
06/24/2018 00:13:37.000,3.859864235,1.004732013
06/24/2018 00:15:37.000,3.879119873,1.004732013
06/24/2018 00:17:37.000,3.883232117,1.004732013
06/24/2018 00:19:37.000,4.200088501,0.009193459
06/24/2018 00:21:37.000,4.330061913,0.11760553
06/24/2018 00:23:37.000,4.371062279,0.226271391
06/24/2018 00:25:37.000,4.400046349,0.332612932
06/24/2018 00:27:37.000,4.399980545,0.422611207
06/24/2018 00:29:37.000,4.400028229,0.497248232
06/24/2018 00:31:37.000,4.4000597,0.560489297
06/24/2018 00:33:37.000,4.399975777,0.615317225
06/24/2018 00:35:37.000,4.399983406,0.663731933
06/24/2018 00:37:37.000,4.400022507,0.707248211
06/24/2018 00:39:37.000,4.39999485,0.746990979
06/24/2018 00:41:37.000,4.399989128,0.783677161
06/24/2018 00:43:37.000,4.399993896,0.81782341
06/24/2018 00:45:37.000,4.399981499,0.849813104
06/24/2018 00:47:37.000,4.399959564,0.879955113
06/24/2018 00:49:37.000,4.40004158,0.908385813
06/24/2018 00:51:37.000,4.399978638,0.935210526
06/24/2018 00:53:37.000,4.400012016,0.960509419
06/24/2018 00:55:37.000,4.400057793,0.984306872
06/24/2018 00:57:37.000,4.400055885,1.005130649
06/24/2018 00:59:37.000,4.2666502,1.005132794
06/24/2018 01:01:37.000,4.253056526,1.005132794
06/24/2018 01:03:37.000,4.249554634,1.005132794
06/24/2018 01:05:37.000,3.31101799,1.005132794
06/24/2018 01:07:37.000,3.234107971,1.005132794
06/24/2018 01:09:37.000,3.149703979,1.005132794
06/24/2018 01:11:37.000,3.060836792,1.005132794
06/24/2018 01:13:37.000,2.999984741,1.005132794
06/24/2018 01:15:37.000,3.862446785,1.005132794
06/24/2018 01:17:37.000,3.881435394,1.005132794
06/24/2018 01:19:37.000,3.885604858,1.005132794
06/24/2018 01:21:37.000,4.200084686,0.008957413
06/24/2018 01:23:37.000,4.330773354,0.117371298
06/24/2018 01:25:37.000,4.376318932,0.226036802
06/24/2018 01:27:37.000,4.399974823,0.331171155
06/24/2018 01:29:37.000,4.399988174,0.419207126
06/24/2018 01:31:37.000,4.400017738,0.492405117
06/24/2018 01:33:37.000,4.400025368,0.554793775
06/24/2018 01:35:37.000,4.399991989,0.609252512
06/24/2018 01:37:37.000,4.39999485,0.65758729
06/24/2018 01:39:37.000,4.399938583,0.701068819
06/24/2018 01:41:37.000,4.40004158,0.740631521
06/24/2018 01:43:37.000,4.39996624,0.777025998
06/24/2018 01:45:37.000,4.399975777,0.810805559
06/24/2018 01:47:37.000,4.399991989,0.842349291
06/24/2018 01:49:37.000,4.400012016,0.871975958
06/24/2018 01:51:37.000,4.400003433,0.899994075
06/24/2018 01:53:37.000,4.400014877,0.926536977
06/24/2018 01:55:37.000,4.40001297,0.951639414
06/24/2018 01:57:37.000,4.39995575,0.975380242
06/24/2018 01:59:37.000,4.400020599,0.997804642
06/24/2018 02:01:37.000,4.39995575,0.997832894
06/24/2018 02:03:37.000,4.267889023,0.997833788
06/24/2018 02:05:37.000,4.254620552,0.997833788
06/24/2018 02:07:37.000,4.251252174,0.997833788
06/24/2018 02:09:37.000,3.315667152,0.997833788
06/24/2018 02:11:37.000,3.237454414,0.997833788
06/24/2018 02:13:37.000,3.150995255,0.997833788
06/24/2018 02:15:37.000,3.060873985,0.997833788
06/24/2018 02:17:37.000,2.999996185,0.997833788
06/24/2018 02:19:37.000,3.863084793,0.997833788
06/24/2018 02:21:37.000,3.882074356,0.997833788
06/24/2018 02:23:37.000,3.886260986,0.997833788
06/24/2018 02:25:37.000,4.200076103,0.009262701
06/24/2018 02:27:37.000,4.327448845,0.117680103
06/24/2018 02:29:37.000,4.373396873,0.226337805
06/24/2018 02:31:37.000,4.399991035,0.331675977
06/24/2018 02:33:37.000,4.399961472,0.419519007
06/24/2018 02:35:37.000,4.400017738,0.492154241
06/24/2018 02:37:37.000,4.400061607,0.553874195
06/24/2018 02:39:37.000,4.399957657,0.607805014
06/24/2018 02:41:37.000,4.400046349,0.655931771
06/24/2018 02:43:37.000,4.399964333,0.699449241
06/24/2018 02:45:37.000,4.40000248,0.739223421
06/24/2018 02:47:37.000,4.400037766,0.775895357
06/24/2018 02:49:37.000,4.400034904,0.809877217
06/24/2018 02:51:37.000,4.400050163,0.841504216
06/24/2018 02:53:37.000,4.400011063,0.871042132
06/24/2018 02:55:37.000,4.39998436,0.898750484
06/24/2018 02:57:37.000,4.400015831,0.924908221
06/24/2018 02:59:37.000,4.400017738,0.949643672
06/24/2018 03:01:37.000,4.399998665,0.973008096
06/24/2018 03:03:37.000,4.400053978,0.989883542
06/24/2018 03:05:37.000,4.267268181,0.989886165
06/24/2018 03:07:37.000,4.253927231,0.989886165
06/24/2018 03:09:37.000,4.250554085,0.989886165
06/24/2018 03:11:37.000,3.313601494,0.989886165
06/24/2018 03:13:37.000,3.234621048,0.989886165
06/24/2018 03:15:37.000,3.147686958,0.989886165
06/24/2018 03:17:37.000,3.056416512,0.989886165
06/24/2018 03:19:37.000,2.999995232,0.989886165
06/24/2018 03:21:37.000,3.864600182,0.989886165
06/24/2018 03:23:37.000,3.883561134,0.989886165
06/24/2018 03:25:37.000,3.887648582,0.989886165
06/24/2018 03:27:37.000,4.200023651,0.008222764
06/24/2018 03:29:37.000,4.331127167,0.11663533
06/24/2018 03:31:37.000,4.376322746,0.225291997
06/24/2018 03:33:37.000,4.400069237,0.330143213
06/24/2018 03:35:37.000,4.399975777,0.417134702
06/24/2018 03:37:37.000,4.400033951,0.488856345
06/24/2018 03:39:37.000,4.40002346,0.549726605
06/24/2018 03:41:37.000,4.400012016,0.602904975
06/24/2018 03:43:37.000,4.400042534,0.650397778
06/24/2018 03:45:37.000,4.400043488,0.693600416
06/24/2018 03:47:37.000,4.400080681,0.733258724
06/24/2018 03:49:37.000,4.400045395,0.769829869
06/24/2018 03:51:37.000,4.400006294,0.80379355
06/24/2018 03:53:37.000,4.399993896,0.835490048
06/24/2018 03:55:37.000,4.399964333,0.86509943
06/24/2018 03:57:37.000,4.39998436,0.892807007
06/24/2018 03:59:37.000,4.400014877,0.918781877
06/24/2018 04:01:37.000,4.400029182,0.943250656
06/24/2018 04:03:37.000,4.399978638,0.966426015
06/24/2018 04:05:37.000,4.399982452,0.981797457
06/24/2018 04:07:37.000,4.267036438,0.98179996
06/24/2018 04:09:37.000,4.25366497,0.98179996
06/24/2018 04:11:37.000,4.250219345,0.98179996
06/24/2018 04:13:37.000,3.317662239,0.98179996
06/24/2018 04:15:37.000,3.23671627,0.98179996
06/24/2018 04:17:37.000,3.148690224,0.98179996
06/24/2018 04:19:37.000,3.056376457,0.98179996
06/24/2018 04:21:37.000,2.999990463,0.98179996
06/24/2018 04:23:37.000,3.864067078,0.98179996
06/24/2018 04:25:37.000,3.883207321,0.98179996
06/24/2018 04:27:37.000,3.887361526,0.98179996
06/24/2018 04:29:37.000,4.200016022,0.007630485
